"id","first_name","last_name","team","dob","start_price","cost","positions","original_positions","season_rank","games_played","total_points","avg_points","high_score","low_score","selections","owned_by","adp","leagues_rostered"
293222,"Rory","Laird","Adelaide Crows","1993-12-29",1066000,959000,"MID","MID",11,22,2403,109.2,142,57,60038,36.31,1,99.3
1002232,"Andrew","Brayshaw","Fremantle","1999-11-08",995000,929000,"MID","MID",10,23,2536,110.3,157,72,68552,41.46,2,99.3
996701,"Clayton","Oliver","Melbourne","1997-07-22",994000,921000,"MID","MID",4,13,1480,113.8,149,66,38763,23.45,3,98.9
993905,"Callum","Mills","Sydney Swans","1997-04-02",983000,707000,"MID","MID",74,19,1598,84.1,155,3,8175,4.94,7,87.6
296205,"Jack","Steele","St Kilda","1995-12-13",978000,825000,"MID","MID",31,20,1957,97.9,146,59,31793,19.23,6,97.7
295518,"Sam","Docherty","Carlton","1993-10-17",977000,867000,"DEF/MID","DEF",18,20,2089,104.5,136,74,18064,10.93,4,93.1
298272,"Touk","Miller","Gold Coast Suns","1996-02-22",972000,802000,"MID","MID",37,13,1250,96.2,120,48,11503,6.96,8,95.4
993834,"Josh","Dunkley","Brisbane Lions","1997-01-09",963000,822000,"MID/FWD","MID/FWD",19,21,2192,104.4,172,61,89681,54.24,5,99.6
992016,"Zach","Merrett","Essendon","1995-10-03",949000,949000,"MID","MID",6,22,2483,112.9,158,80,47575,28.78,9,99.4
293535,"Lachie","Neale","Brisbane Lions","1993-05-24",947000,787000,"MID","MID",34,23,2231,97,127,60,27344,16.54,10,96.8
294307,"Brad","Crouch","St Kilda","1994-01-14",942000,869000,"MID","MID",20,23,2375,103.3,137,68,21892,13.24,21,98.2
1006130,"Bailey","Smith","Western Bulldogs","2000-12-07",935000,634000,"MID/FWD","MID",77,19,1582,83.3,121,43,7244,4.38,11,88.1
295467,"Jack","Macrae","Western Bulldogs","1994-08-03",916000,694000,"MID/FWD","MID",49,22,2020,91.8,129,45,13485,8.16,12,90.6
1006094,"Sam","Walsh","Carlton","2000-07-02",916000,704000,"MID","MID",41,15,1419,94.6,131,53,5363,3.24,20,92.3
290528,"Max","Gawn","Melbourne","1991-12-30",914000,853000,"RUC","RUC",47,20,1842,92.1,162,4,35139,21.25,16,97.4
994389,"Jack","Sinclair","St Kilda","1995-02-12",911000,906000,"DEF/MID","DEF",22,23,2351,102.2,141,72,77629,46.95,14,99.4
1000978,"Hugh","McCluggage","Brisbane Lions","1998-03-03",909000,824000,"MID","MID",57,22,1965,89.3,128,55,2604,1.58,26,88.5
298210,"Christian","Petracca","Melbourne","1996-01-04",908000,864000,"MID","MID",15,23,2439,106,142,75,30491,18.44,17,99
990704,"Patrick","Cripps","Carlton","1995-03-18",903000,741000,"MID","MID",60,21,1856,88.4,126,45,12073,7.3,22,90.6
1004592,"Tim","English","Western Bulldogs","1997-08-10",901000,1015000,"RUC","RUC",1,23,2730,118.7,158,76,82418,49.85,13,99.7
296347,"Josh","Kelly","GWS Giants","1995-02-12",899000,763000,"MID","MID",31,19,1860,97.9,126,30,8091,4.89,24,96
992242,"Jordan","Dawson","Adelaide Crows","1997-04-09",893000,924000,"DEF/MID","DEF",5,23,2609,113.4,172,81,100609,60.85,15,99.5
297373,"Marcus","Bontempelli","Western Bulldogs","1995-11-24",891000,1032000,"MID","MID",2,23,2690,117,158,86,57284,34.65,25,99.4
993817,"Darcy","Parish","Essendon","1997-07-25",888000,892000,"MID","MID",14,18,1924,106.9,126,83,13288,8.04,28,98.5
298279,"Angus","Brayshaw","Melbourne","1996-01-09",878000,800000,"DEF/MID","DEF",69,23,1963,85.3,122,45,23381,14.14,23,90.6
290778,"Luke","Parker","Sydney Swans","1992-10-25",871000,701000,"MID","MID",54,22,1977,89.9,127,52,2027,1.23,35,88.3
291969,"Stephen","Coniglio","GWS Giants","1993-12-15",871000,835000,"MID/FWD","MID/FWD",23,23,2337,101.6,136,63,77940,47.14,19,99.1
294036,"George","Hewett","Carlton","1995-12-29",870000,697000,"MID","MID",126,19,1407,74.1,124,19,15735,9.52,42,75.8
1009199,"Noah","Anderson","Gold Coast Suns","2001-02-17",870000,801000,"MID","MID",24,23,2312,100.5,159,72,8760,5.3,33,96.2
992049,"Jayden","Short","Richmond","1996-01-24",867000,722000,"MID/DEF","MID",45,16,1480,92.5,123,25,7221,4.37,37,90.6
294318,"Ollie","Wines","Port Adelaide","1994-10-07",866000,653000,"MID","MID",102,23,1786,77.7,106,36,2464,1.49,38,74.3
993946,"Ben","Keays","Adelaide Crows","1997-02-23",862000,612000,"MID/FWD","MID",104,23,1778,77.3,132,35,8124,4.91,41,83.1
297354,"Karl","Amon","Hawthorn","1995-08-19",855000,864000,"MID","MID",64,21,1823,86.8,138,57,1913,1.16,49,80.1
291790,"Adam","Treloar","Western Bulldogs","1993-03-09",854000,910000,"MID","MID",17,19,2000,105.3,143,72,5858,3.54,54,95.2
291902,"Jack","Viney","Melbourne","1994-04-13",854000,935000,"MID","MID",25,22,2201,100,148,60,4451,2.69,60,90.5
297566,"James","Sicily","Hawthorn","1995-01-06",854000,896000,"DEF","DEF",18,19,1986,104.5,165,49,66939,40.49,29,99.3
291856,"Tom","Mitchell","Collingwood","1993-05-31",853000,677000,"MID","MID",49,23,2111,91.8,124,41,10282,6.22,30,88.4
290550,"Cameron","Guthrie","Geelong Cats","1992-08-19",849000,790000,"MID","MID",64,6,521,86.8,111,54,761,0.46,57,57.9
993998,"Jy","Simpkin","North Melbourne","1998-03-05",846000,641000,"MID","MID",113,18,1364,75.8,123,7,1823,1.1,47,69.3
998172,"Tim","Taranto","Richmond","1998-01-28",846000,825000,"MID/FWD","MID/FWD",8,23,2586,112.4,147,71,117208,70.89,18,99.3
998129,"Will","Brodie","Fremantle","1998-08-23",845000,666000,"MID","MID",171,5,335,67,76,52,608,0.37,61,38.2
998128,"Alex","Witherden","West Coast Eagles","1998-09-10",844000,699000,"DEF","DEF",101,22,1725,78.4,131,22,1152,0.7,55,76.5
250365,"Travis","Boak","Port Adelaide","1988-08-01",841000,477000,"MID","MID",200,19,1181,62.2,124,27,606,0.37,71,42.9
291800,"Tom","Stewart","Geelong Cats","1993-03-15",836000,860000,"DEF","DEF",36,22,2119,96.3,133,14,47523,28.74,31,97
293871,"Jack","Crisp","Collingwood","1993-10-02",835000,745000,"MID","MID",79,23,1907,82.9,131,56,2832,1.71,56,76.7
1001398,"Matthew","Kennedy","Carlton","1997-04-06",831000,640000,"MID/DEF","MID",123,14,1044,74.6,97,35,810,0.49,73,54.6
293957,"Brodie","Grundy","Melbourne","1994-04-15",830000,574000,"RUC","RUC",120,17,1275,75,119,36,6985,4.22,39,74.7
240283,"Shannon","Hurn","West Coast Eagles","1987-09-04",828000,706000,"DEF","DEF",93,13,1040,80,133,22,2502,1.51,64,67.1
297523,"Reilly","O'Brien","Adelaide Crows","1995-08-20",826000,714000,"RUC","RUC",60,23,2034,88.4,133,65,8145,4.93,40,93.7
1006314,"Dylan","Moore","Hawthorn","1999-08-04",826000,763000,"FWD","FWD",61,23,2025,88,132,64,13404,8.11,34,93.1
1002267,"Luke","Davies-Uniacke","North Melbourne","1999-06-08",824000,871000,"MID","MID",32,14,1364,97.4,138,63,7696,4.65,44,82.3
281065,"Mitch","Duncan","Geelong Cats","1991-06-10",820000,802000,"DEF","DEF",51,16,1460,91.3,128,44,3240,1.96,48,79.5
994295,"Dan","Houston","Port Adelaide","1997-05-12",815000,814000,"DEF","DEF",44,23,2131,92.7,156,46,5545,3.35,51,90.7
293716,"Jarryd","Lyons","Brisbane Lions","1992-07-22",810000,526000,"MID","MID",283,7,354,50.6,110,13,226,0.14,82,39.3
992468,"Rowan","Marshall","St Kilda","1995-11-24",808000,1036000,"RUC","RUC",3,23,2664,115.8,159,72,75421,45.62,27,98.3
295342,"Jake","Lloyd","Sydney Swans","1993-09-20",807000,754000,"DEF","DEF",55,22,1973,89.7,127,38,8981,5.43,46,91.8
294305,"Lachie","Whitfield","GWS Giants","1994-07-18",804000,835000,"MID/DEF","MID",40,21,1989,94.7,134,48,7159,4.33,62,90.3
1001396,"Isaac","Cumming","GWS Giants","1998-08-11",802000,549000,"DEF","DEF",165,17,1161,68.3,113,52,1472,0.89,58,51.7
290799,"Tom","Liberatore","Western Bulldogs","1992-05-16",801000,857000,"MID","MID",20,21,2170,103.3,133,22,5183,3.13,84,94.1
291975,"Jarrod","Witts","Gold Coast Suns","1992-09-13",801000,764000,"RUC","RUC",52,21,1907,90.8,137,60,16090,9.73,52,93.4
296733,"Mark","Blicavs","Geelong Cats","1991-03-28",8e+05,724000,"MID/RUC","MID/RUC",85,19,1548,81.5,111,38,3298,1.99,53,64
293846,"Sebastian","Ross","St Kilda","1993-05-07",799000,527000,"MID","MID",154,16,1119,69.9,122,7,424,0.26,88,50
294674,"Nick","Vlastuin","Richmond","1994-04-19",798000,671000,"DEF","DEF",87,21,1705,81.2,117,53,1947,1.18,70,78.1
296735,"Aaron","Hall","North Melbourne","1990-11-09",797000,771000,"DEF","DEF",46,6,553,92.2,136,59,638,0.39,67,50.6
996708,"Bailey","Dale","Western Bulldogs","1996-07-22",797000,744000,"DEF","DEF",69,23,1961,85.3,137,46,3861,2.34,63,84.6
290627,"Dion","Prestia","Richmond","1992-10-12",788000,679000,"MID","MID",112,20,1517,75.9,111,30,1247,0.75,91,58.5
298539,"Isaac","Heeney","Sydney Swans","1996-05-05",787000,672000,"FWD","FWD",93,22,1760,80,129,28,8967,5.42,45,87.5
1012014,"Chad","Warner","Sydney Swans","2001-05-19",785000,772000,"MID","MID",44,20,1854,92.7,128,53,5588,3.38,66,85.2
1001299,"Connor","Rozee","Port Adelaide","2000-01-22",780000,921000,"MID/FWD","MID/FWD",16,23,2435,105.9,145,69,98194,59.39,32,99.1
1002239,"Adam","Cerra","Carlton","1999-10-07",780000,788000,"MID","MID",35,19,1836,96.6,137,62,2271,1.37,74,84.6
297401,"Matt","Crouch","Adelaide Crows","1995-04-21",778000,789000,"MID","MID",57,7,625,89.3,120,40,10086,6.1,107,79
1009420,"Caleb","Serong","Fremantle","2001-02-09",777000,879000,"MID","MID",13,22,2378,108.1,134,83,25407,15.37,78,96.5
1009256,"Hayden","Young","Fremantle","2001-04-11",776000,784000,"DEF","DEF",58,22,1963,89.2,119,52,11923,7.21,50,88.7
1020895,"Jai","Newcombe","Hawthorn","2001-08-02",775000,821000,"MID","MID",43,22,2053,93.3,159,58,6333,3.83,75,83.9
1023261,"Nick","Daicos","Collingwood","2003-01-03",769000,894000,"DEF/MID","DEF",12,20,2175,108.8,150,37,47255,28.58,36,75.1
295136,"Caleb","Daniel","Western Bulldogs","1996-07-07",768000,667000,"DEF/FWD","DEF",54,23,2067,89.9,136,39,9627,5.82,72,93.6
998205,"Harry","Perryman","GWS Giants","1998-12-19",766000,610000,"MID/DEF","MID",149,19,1340,70.5,115,2,316,0.19,95,49.6
1006121,"Zak","Butters","Port Adelaide","2000-09-08",764000,886000,"MID/FWD","MID/FWD",26,23,2288,99.5,148,59,49545,29.97,43,98.2
293713,"Brandon","Ellis","Gold Coast Suns","1993-08-03",761000,675000,"DEF/MID","DEF/MID",115,16,1210,75.6,115,48,704,0.43,76,57.5
998145,"Sean","Darcy","Fremantle","1998-06-12",760000,790000,"RUC","RUC",38,15,1431,95.4,128,34,9890,5.98,68,61.2
298174,"Toby","Nankervis","Richmond","1994-08-12",758000,827000,"RUC","RUC",21,15,1534,102.3,129,70,2903,1.76,86,93.4
992644,"Braydon","Preuss","GWS Giants","1995-06-16",758000,758000,"RUC","RUC",428,0,0,0,0,0,137,0.08,98,28.3
998659,"Luke","Ryan","Fremantle","1996-02-06",756000,819000,"DEF","DEF",27,23,2287,99.4,156,69,23062,13.95,80,96.4
296294,"Blake","Acres","Carlton","1995-10-07",755000,741000,"MID","MID",62,22,1931,87.8,129,57,1884,1.14,114,76.9
280078,"Luke","Shuey","West Coast Eagles","1990-06-02",754000,626000,"MID","MID",136,10,726,72.6,120,11,706,0.43,118,43.4
997078,"Mason","Redman","Essendon","1997-08-26",754000,681000,"DEF","DEF",66,23,1974,85.8,125,47,6775,4.1,81,86.7
260257,"Scott","Pendlebury","Collingwood","1988-01-07",752000,790000,"MID","MID",61,22,1936,88,122,37,4658,2.82,115,78.2
294877,"Isaac","Smith","Geelong Cats","1988-12-30",752000,747000,"MID/FWD","MID/FWD",67,22,1886,85.7,160,60,4398,2.66,77,87.5
1009528,"Tom","Green","GWS Giants","2001-01-23",752000,922000,"MID","MID",9,19,2102,110.6,170,69,38801,23.47,69,96.6
271072,"Daniel","Rich","Brisbane Lions","1990-06-07",747000,661000,"DEF","DEF",132,7,512,73.1,97,47,1480,0.9,87,40
291783,"Dylan","Shiel","Essendon","1993-03-09",747000,502000,"MID","MID",162,12,828,69,110,17,512,0.31,111,40.8
1012807,"Sam","Berry","Adelaide Crows","2002-02-12",746000,569000,"MID","MID",293,4,197,49.3,57,36,500,0.3,106,24.3
295898,"Tim","Kelly","West Coast Eagles","1994-07-26",744000,781000,"MID","MID",29,22,2172,98.7,142,67,6533,3.95,104,90.3
298630,"Kyle","Langford","Essendon","1996-12-01",744000,600000,"MID/FWD","MID/FWD",133,23,1679,73,101,38,2700,1.63,108,76.8
298421,"Jade","Gresham","St Kilda","1997-08-24",742000,668000,"MID/FWD","MID/FWD",129,22,1619,73.6,106,23,1512,0.91,79,69
298268,"Liam","Duggan","West Coast Eagles","1996-12-11",740000,834000,"DEF","DEF",36,22,2118,96.3,140,63,4213,2.55,94,89.9
290629,"Dyson","Heppell","Essendon","1992-05-14",739000,722000,"DEF/MID","DEF/MID",84,22,1795,81.6,114,56,1404,0.85,96,71.9
291861,"Jed","Anderson","Gold Coast Suns","1994-02-02",738000,738000,"MID/FWD","MID/FWD",428,0,0,0,0,0,108,0.07,97,24.3
293845,"Jeremy","Cameron","Geelong Cats","1993-04-01",737000,626000,"FWD","FWD",78,20,1659,83,138,-3,10178,6.16,83,84
1013128,"Errol","Gulden","Sydney Swans","2002-07-18",735000,987000,"MID/FWD","MID/FWD",7,23,2588,112.5,161,70,73794,44.63,65,98.1
292511,"Zach","Tuohy","Geelong Cats","1989-12-10",734000,588000,"DEF/MID","DEF/MID",174,20,1333,66.7,101,43,3044,1.84,105,43.3
294557,"Lachie","Hunter","Melbourne","1994-12-13",732000,696000,"MID","MID",97,22,1742,79.2,113,53,753,0.46,134,58.1
261224,"Dayne","Zorko","Brisbane Lions","1989-02-09",731000,745000,"FWD/MID","FWD",71,17,1442,84.8,121,55,3314,2,85,84
294613,"Jaeger","O'Meara","Fremantle","1994-02-23",727000,580000,"MID","MID",117,21,1584,75.4,103,26,1056,0.64,110,57.5
1006126,"James","Rowbottom","Sydney Swans","2000-09-19",726000,683000,"MID","MID",96,23,1823,79.3,129,45,944,0.57,112,61
295461,"Adam","Saad","Carlton","1994-07-23",725000,620000,"DEF","DEF",127,22,1626,73.9,104,43,5254,3.18,99,64.6
990291,"Darcy","Cameron","Collingwood","1995-07-18",725000,723000,"RUC/FWD","RUC/FWD",75,16,1344,84,109,52,11010,6.66,59,87.8
1000963,"Harry","Morrison","Hawthorn","1998-11-12",723000,638000,"MID","MID",109,13,994,76.5,102,14,218,0.13,139,45.8
291776,"Taylor","Adams","Collingwood","1993-09-20",722000,656000,"MID/FWD","MID",109,22,1683,76.5,125,27,2526,1.53,129,71.3
1006152,"Jordan","Clark","Fremantle","2000-10-16",722000,675000,"DEF","DEF",109,23,1759,76.5,114,41,2243,1.36,102,62.1
290801,"Andrew","Gaff","West Coast Eagles","1992-06-16",719000,655000,"MID","MID",141,23,1649,71.7,109,30,2085,1.26,131,53.7
998102,"Andrew","McGrath","Essendon","1998-06-02",719000,680000,"DEF/MID","DEF/MID",83,23,1882,81.8,117,59,16792,10.16,89,76.4
290832,"David","Swallow","Gold Coast Suns","1992-11-19",717000,593000,"MID","MID",137,23,1665,72.4,125,37,1409,0.85,149,50.1
993903,"Jacob","Hopper","Richmond","1997-02-06",716000,616000,"MID","MID",89,16,1292,80.8,111,16,2161,1.31,120,68.9
280109,"Callan","Ward","GWS Giants","1990-04-10",712000,695000,"MID/FWD","MID",140,22,1581,71.9,134,16,2139,1.29,150,59.1
1003130,"Patrick","Lipinski","Collingwood","1998-07-17",711000,605000,"MID/FWD","MID/FWD",156,11,767,69.7,107,51,1004,0.61,90,59.5
271045,"Nic","Naitanui","West Coast Eagles","1990-05-04",708000,708000,"RUC","RUC",428,0,0,0,0,0,880,0.53,146,21.8
993107,"Harry","Himmelberg","GWS Giants","1996-05-08",708000,709000,"DEF/FWD","DEF/FWD",138,22,1591,72.3,114,27,6806,4.12,92,69.8
1026850,"Nic","Martin","Essendon","2001-04-03",707000,683000,"MID/FWD","MID/FWD",70,23,1959,85.2,129,32,7342,4.44,93,87.8
992128,"Ryan","Burton","Port Adelaide","1997-01-31",704000,567000,"DEF","DEF",188,20,1284,64.2,95,31,606,0.37,123,38.3
270896,"Trent","Cotchin","Richmond","1990-04-07",701000,519000,"MID/FWD","MID",214,19,1143,60.2,119,24,1051,0.64,156,29.2
994185,"Jordan","De Goey","Collingwood","1996-03-15",7e+05,693000,"MID","MID",64,18,1563,86.8,127,53,6327,3.83,126,77.9
294199,"Sam","Menegola","Geelong Cats","1992-03-07",698000,706000,"MID","MID",28,1,99,99,99,99,152,0.09,159,25.3
295067,"James","Aish","Fremantle","1995-11-08",698000,607000,"MID","MID",130,20,1470,73.5,106,42,634,0.38,155,45
994386,"Tom","Atkins","Geelong Cats","1995-09-18",697000,757000,"DEF/MID","DEF/MID",94,23,1838,79.9,126,44,3604,2.18,124,69.1
991930,"Darcy","Byrne-Jones","Port Adelaide","1995-09-20",694000,484000,"DEF/FWD","DEF",207,21,1286,61.2,101,16,1355,0.82,143,35.4
1000981,"Daniel","Rioli","Richmond","1997-04-16",694000,554000,"DEF","DEF",92,23,1847,80.3,114,31,8787,5.31,128,81.6
1005521,"Oscar","McInerney","Brisbane Lions","1994-07-10",694000,711000,"RUC","RUC",80,22,1820,82.7,134,50,2329,1.41,127,76.3
296351,"Jack","Billings","St Kilda","1995-08-18",693000,628000,"MID","MID",211,3,182,60.7,75,48,117,0.07,163,29.5
1005054,"Josh","Daicos","Collingwood","1998-11-26",691000,798000,"MID","MID",40,23,2177,94.7,124,65,12291,7.43,141,86.7
291748,"Brodie","Smith","Adelaide Crows","1992-01-14",688000,701000,"DEF","DEF",86,22,1791,81.4,121,56,1370,0.83,144,67.5
296355,"Luke","McDonald","North Melbourne","1995-02-09",688000,571000,"DEF","DEF",118,22,1654,75.2,111,15,789,0.48,136,58.7
297907,"Nic","Newman","Carlton","1993-01-15",688000,945000,"DEF","DEF",30,21,2057,98,164,27,21626,13.08,145,91.2
1006059,"Keidean","Coleman","Brisbane Lions","2000-03-31",688000,694000,"DEF","DEF",157,20,1392,69.6,111,23,1654,1,125,50.5
294429,"Luke","Dunstan","Melbourne","1995-01-29",687000,687000,"MID","MID",428,0,0,0,0,0,70,0.04,167,15.3
297452,"Nick","Hind","Essendon","1994-08-19",684000,673000,"DEF","DEF",161,16,1106,69.1,113,34,786,0.48,161,48.8
280506,"Taylor","Walker","Adelaide Crows","1990-04-25",683000,756000,"FWD","FWD",91,22,1768,80.4,166,34,8793,5.32,142,78.1
291570,"Nat","Fyfe","Fremantle","1991-09-18",681000,483000,"MID/FWD","MID/FWD",293,9,444,49.3,83,17,5527,3.34,116,29.7
298419,"Brandan","Parfitt","Geelong Cats","1998-04-27",681000,499000,"MID","MID",249,9,496,55.1,115,15,275,0.17,169,19.7
261510,"Tom","Hawkins","Geelong Cats","1988-07-21",680000,521000,"FWD","FWD",195,20,1260,63,137,24,2262,1.37,140,40.7
291848,"Robbie","Fox","Sydney Swans","1993-04-16",680000,399000,"DEF","DEF",248,19,1051,55.3,96,25,387,0.23,168,21.7
993979,"Sam","Powell-Pepper","Port Adelaide","1998-01-08",680000,499000,"FWD","FWD",205,23,1412,61.4,95,29,2374,1.44,133,44.7
996731,"Charlie","Curnow","Carlton","1997-02-03",678000,710000,"FWD","FWD",64,23,1996,86.8,151,50,9998,6.05,121,87.5
290847,"Dustin","Martin","Richmond","1991-06-26",677000,822000,"MID/FWD","MID/FWD",53,20,1799,90,127,60,11197,6.77,100,86.4
298524,"Lachie","Weller","Gold Coast Suns","1996-02-23",677000,694000,"DEF","DEF",76,9,754,83.8,133,61,412,0.25,160,40.3
296324,"Jesse","Hogan","GWS Giants","1995-02-12",675000,640000,"FWD","FWD",127,20,1477,73.9,188,37,726,0.44,162,51.2
1006028,"Nick","Blakey","Sydney Swans","2000-02-27",675000,547000,"DEF","DEF",144,23,1642,71.4,114,39,3784,2.29,152,55.7
270917,"Patrick","Dangerfield","Geelong Cats","1990-04-05",674000,635000,"MID","MID",94,18,1438,79.9,110,41,4151,2.51,148,67.6
293813,"Tom J.","Lynch","Richmond","1992-10-31",674000,565000,"FWD","FWD",272,4,207,51.8,65,36,1664,1.01,138,24.1
998130,"Ben","Ainsworth","Gold Coast Suns","1998-02-10",673000,671000,"FWD","FWD",126,21,1556,74.1,110,46,450,0.27,147,54.5
1001026,"Jordan","Ridley","Essendon","1998-10-20",669000,682000,"DEF","DEF",89,17,1374,80.8,128,14,2154,1.3,137,44.4
280921,"Ben","Cunnington","North Melbourne","1991-06-30",668000,557000,"MID/FWD","MID/FWD",195,9,567,63,97,22,1099,0.66,113,26.3
998133,"Jarrod","Berry","Brisbane Lions","1998-02-05",666000,677000,"MID","MID",128,22,1623,73.8,118,37,848,0.51,184,42.4
999309,"Jackson","Hately","Adelaide Crows","2000-10-21",666000,615000,"MID","MID",426,1,8,8,8,8,47,0.03,178,16
1009208,"Matt","Rowell","Gold Coast Suns","2001-07-01",664000,747000,"MID","MID",48,23,2116,92,142,60,7960,4.81,154,81.9
295584,"Bradley","Hill","St Kilda","1993-07-09",663000,593000,"DEF/FWD","DEF/FWD",124,21,1564,74.5,122,21,3697,2.24,122,65.1
298264,"Ed","Langdon","Melbourne","1996-02-01",663000,643000,"MID","MID",137,23,1666,72.4,108,38,1849,1.12,189,43.4
295344,"Toby","Greene","GWS Giants","1993-09-25",659000,728000,"FWD","FWD",59,21,1858,88.5,120,22,8914,5.39,117,90
992462,"Daniel","Howe","North Melbourne","1995-12-04",658000,515000,"MID","MID",230,11,639,58.1,88,24,76,0.05,186,15.6
993993,"Shai","Bolton","Richmond","1998-12-08",658000,728000,"MID/FWD","MID/FWD",64,23,1997,86.8,137,40,15450,9.35,119,85.9
1000972,"Willem","Drew","Port Adelaide","1998-10-01",657000,664000,"MID","MID",106,23,1769,76.9,123,47,661,0.4,197,48.1
990827,"Jack","Graham","Richmond","1998-02-25",655000,529000,"MID/FWD","MID/FWD",208,20,1219,61,107,32,1273,0.77,157,36.1
290188,"Sam","Reid","Sydney Swans","1991-12-27",653000,653000,"FWD","FWD",428,0,0,0,0,0,116,0.07,181,16.1
296359,"Christian","Salem","Melbourne","1995-07-15",653000,637000,"DEF","DEF",103,14,1085,77.5,100,39,2234,1.35,132,67
1006103,"Jye","Caldwell","Essendon","2000-09-28",653000,638000,"MID/FWD","MID",119,21,1578,75.1,112,49,657,0.4,177,48.1
990606,"Will","Snelling","Essendon","1997-08-06",651000,372000,"FWD","FWD",263,15,793,52.9,90,12,166,0.1,196,22.7
294068,"Andrew","Phillips","Essendon","1991-07-03",648000,539000,"RUC/FWD","RUC",238,20,1139,57,97,18,1284,0.78,195,31.4
1008280,"Ed","Richards","Western Bulldogs","1999-07-03",648000,669000,"DEF","DEF",95,19,1517,79.8,108,47,1343,0.81,135,64.1
290826,"Jamie","Cripps","West Coast Eagles","1992-04-23",647000,630000,"FWD","FWD",159,12,833,69.4,116,25,545,0.33,193,33.1
281091,"Hugh","Greenwood","North Melbourne","1992-03-06",645000,513000,"MID","MID",220,14,830,59.3,114,25,499,0.3,202,22.7
297899,"James","Harmes","Melbourne","1995-10-05",644000,441000,"MID/FWD","MID/FWD",307,9,421,46.8,77,13,485,0.29,185,19.9
293801,"Jamie","Elliott","Collingwood","1992-08-21",642000,576000,"FWD","FWD",173,21,1402,66.8,94,46,3013,1.82,175,41.3
295340,"Mason","Wood","St Kilda","1993-09-13",641000,834000,"MID","MID",50,23,2107,91.6,153,67,5159,3.12,219,79.2
992010,"Brayden","Maynard","Collingwood","1996-09-20",641000,683000,"DEF","DEF",123,22,1642,74.6,102,37,4564,2.76,164,51.2
998114,"Jack","Scrimshaw","Hawthorn","1998-09-04",641000,588000,"DEF","DEF",176,16,1064,66.5,108,29,511,0.31,176,31.5
291533,"Tom","McDonald","Melbourne","1992-09-18",640000,503000,"FWD","FWD",267,6,315,52.5,99,28,183,0.11,204,15.6
281085,"Steven","May","Melbourne","1992-01-10",639000,556000,"DEF","DEF",158,21,1459,69.5,123,49,2309,1.4,187,39.9
994599,"Riley","Bonner","Port Adelaide","1997-03-07",639000,412000,"DEF/MID","DEF",277,11,564,51.3,83,1,246,0.15,203,15.6
294596,"Tim","Membrey","St Kilda","1994-05-26",638000,484000,"FWD","FWD",256,7,381,54.4,68,35,168,0.1,205,17.7
1013409,"James","Jordon","Melbourne","2000-12-20",638000,434000,"MID","MID",286,17,855,50.3,97,11,459,0.28,221,17.6
993799,"Brayden","Fiorini","Gold Coast Suns","1997-08-22",636000,617000,"MID","MID",147,17,1204,70.8,115,28,800,0.48,234,30.9
271129,"Todd","Goldstein","North Melbourne","1988-07-01",634000,546000,"RUC","RUC",131,20,1466,73.3,128,28,1492,0.9,188,61.6
1017110,"Josh","Ward","Hawthorn","2003-08-15",634000,593000,"MID","MID",121,16,1198,74.9,102,36,627,0.38,166,46.9
1002240,"Jaidyn","Stephenson","North Melbourne","1999-01-15",631000,424000,"FWD","FWD",261,21,1125,53.6,87,38,247,0.15,173,20.3
1009399,"Luke","Jackson","Fremantle","2001-09-29",631000,792000,"RUC/FWD","RUC/FWD",72,23,1948,84.7,149,35,26860,16.25,103,87.4
240399,"Lance","Franklin","Sydney Swans","1987-01-30",630000,476000,"FWD","FWD",277,13,667,51.3,93,8,1034,0.63,211,15.6
996765,"Tom","Papley","Sydney Swans","1996-07-13",630000,600000,"FWD","FWD",178,22,1457,66.2,118,30,2354,1.42,171,38.4
998134,"Josh","Battle","St Kilda","1998-09-01",630000,527000,"DEF","DEF",201,22,1364,62,116,3,699,0.42,209,22.6
1000953,"Harry","McKay","Carlton","1997-12-24",628000,582000,"FWD","FWD",157,19,1323,69.6,119,13,1819,1.1,191,34.2
292128,"Elliot","Yeo","West Coast Eagles","1993-10-01",625000,600000,"DEF","DEF",153,10,701,70.1,98,38,4230,2.56,109,42.1
298111,"Jeremy","Finlayson","Port Adelaide","1996-02-09",625000,565000,"RUC/FWD","RUC/FWD",136,20,1452,72.6,126,30,2936,1.78,170,64.6
1002404,"Aaron","Naughton","Western Bulldogs","1999-11-30",625000,553000,"FWD","FWD",172,23,1538,66.9,99,35,2020,1.22,200,38.8
280965,"Steele","Sidebottom","Collingwood","1991-01-02",624000,644000,"MID","MID",98,17,1340,78.8,126,22,2240,1.35,223,50.9
997230,"Tyson","Stengle","Geelong Cats","1998-10-19",624000,466000,"FWD","FWD",259,19,1025,53.9,92,28,1913,1.16,190,15.5
993828,"Rhys","Mathieson","Brisbane Lions","1997-01-10",623000,623000,"MID/FWD","MID/FWD",428,0,0,0,0,0,201,0.12,183,9.2
1002259,"Lochie","O'Brien","Carlton","1999-09-18",623000,363000,"MID/FWD","MID",391,6,183,30.5,58,11,348,0.21,249,7.8
270963,"Rory","Sloane","Adelaide Crows","1990-03-17",622000,570000,"MID","MID",124,22,1640,74.5,112,50,1721,1.04,206,38.1
290746,"Scott","Lycett","Port Adelaide","1992-09-26",622000,569000,"RUC","RUC",193,12,758,63.2,100,23,1182,0.71,158,29.6
999326,"Brad","Close","Geelong Cats","1998-07-30",622000,466000,"FWD","FWD",244,21,1173,55.9,91,16,545,0.33,208,15.2
999827,"Zac","Fisher","Carlton","1998-06-15",622000,637000,"FWD/MID","FWD",162,12,828,69,108,28,854,0.52,214,33.6
1002312,"Zac","Bailey","Brisbane Lions","1999-09-23",622000,614000,"MID/FWD","MID/FWD",137,21,1521,72.4,112,38,3584,2.17,151,51.2
1004998,"Todd","Marshall","Port Adelaide","1998-10-08",618000,523000,"FWD","FWD",214,19,1143,60.2,103,0,704,0.43,238,16.9
1000223,"Liam","Baker","Richmond","1998-01-27",616000,527000,"DEF/FWD","DEF/FWD",155,23,1606,69.8,122,35,12872,7.79,180,60.8
295203,"Nathan","Broad","Richmond","1993-04-15",615000,543000,"DEF","DEF",172,19,1271,66.9,102,22,721,0.44,256,24
1001028,"Jack","Silvagni","Carlton","1997-12-17",615000,559000,"FWD","FWD",192,16,1014,63.4,110,20,848,0.51,242,18.6
1009191,"Miles","Bergman","Port Adelaide","2001-10-18",615000,462000,"MID/DEF","MID",215,22,1320,60,106,22,2604,1.58,251,22.6
294685,"Zac","Williams","Carlton","1994-09-20",614000,614000,"DEF","DEF",428,0,0,0,0,0,162,0.1,252,12
1013224,"Heath","Chapman","Fremantle","2002-01-31",614000,601000,"DEF","DEF",213,3,181,60.3,85,24,298,0.18,201,15.4
294859,"Jeremy","McGovern","West Coast Eagles","1992-04-15",613000,583000,"DEF","DEF",151,9,633,70.3,93,39,1546,0.94,241,29.3
990609,"Charlie","Cameron","Brisbane Lions","1994-07-05",613000,554000,"FWD","FWD",191,23,1462,63.6,108,28,4370,2.64,222,30.1
1011936,"Justin","McInerney","Sydney Swans","2000-08-18",613000,638000,"MID","MID",147,18,1274,70.8,102,33,546,0.33,253,24
1006058,"Bailey","Scott","North Melbourne","2000-07-09",612000,828000,"DEF/MID","DEF/MID",68,23,1969,85.6,136,51,2582,1.56,230,70.9
298289,"Peter","Wright","Essendon","1996-09-08",610000,513000,"FWD","FWD",231,10,580,58,95,11,630,0.38,232,24
998103,"Oliver","Florent","Sydney Swans","1998-07-22",610000,566000,"DEF","DEF",146,23,1632,71,122,38,2216,1.34,226,42.9
998215,"Will","Setterfield","Essendon","1998-02-05",610000,709000,"MID","MID",48,10,920,92,130,54,3311,2,199,65.4
280317,"Rhys","Stanley","Geelong Cats","1990-12-01",607000,633000,"RUC","RUC",145,13,927,71.3,105,47,988,0.6,244,44.5
998260,"Jack","Bowes","Geelong Cats","1998-01-26",607000,524000,"DEF","DEF",211,17,1032,60.7,101,9,1122,0.68,174,24.3
296422,"Callum","Wilkie","St Kilda","1996-03-10",605000,779000,"DEF","DEF",63,23,2005,87.2,117,35,2921,1.77,271,75.9
1000864,"Lachlan","Bramble","Hawthorn","1998-04-19",605000,536000,"DEF/MID","DEF",200,11,684,62.2,96,29,174,0.11,275,12.6
993794,"Blake","Hardwick","Hawthorn","1997-02-05",604000,688000,"DEF","DEF",88,23,1863,81,117,38,1097,0.66,233,55.6
1000072,"John","Noble","Collingwood","1997-03-25",604000,605000,"DEF","DEF",88,23,1862,81,113,47,3430,2.07,259,71.6
1002264,"Hunter","Clark","St Kilda","1999-03-26",604000,528000,"DEF/MID","DEF",167,18,1221,67.8,108,3,1137,0.69,207,35.3
993902,"Matt","Flynn","GWS Giants","1997-09-13",603000,623000,"RUC","RUC",128,9,664,73.8,110,50,682,0.41,268,29.6
294266,"Tom","Hickey","Sydney Swans","1991-03-06",602000,559000,"RUC","RUC",174,11,734,66.7,90,48,1071,0.65,239,36.3
280711,"Charlie","Dixon","Port Adelaide","1990-09-23",601000,591000,"FWD","FWD",138,13,940,72.3,86,39,738,0.45,280,30
294592,"Kamdyn","McIntosh","Richmond","1994-04-03",6e+05,515000,"MID","MID",217,22,1314,59.7,83,29,893,0.54,286,11.2
990290,"Tom","Barrass","West Coast Eagles","1995-10-08",6e+05,452000,"DEF","DEF",259,14,754,53.9,93,14,1522,0.92,215,11.4
296420,"Alex","Neal-Bullen","Melbourne","1996-01-09",599000,620000,"FWD","FWD",135,23,1672,72.7,98,46,669,0.4,282,38.5
1005247,"Sam","Taylor","GWS Giants","1999-05-05",599000,488000,"DEF","DEF",244,15,839,55.9,91,21,727,0.44,260,16
997142,"Peter","Ladhams","Sydney Swans","1998-01-14",595000,670000,"RUC","RUC",110,9,686,76.2,130,40,802,0.49,272,27.2
294733,"Paul","Seedsman","Adelaide Crows","1992-01-22",593000,593000,"MID","MID",428,0,0,0,0,0,150,0.09,285,4.3
291978,"Harry","Cunningham","Sydney Swans","1993-12-06",591000,503000,"DEF/FWD","DEF",250,23,1266,55,95,27,645,0.39,290,9.6
296296,"Dom","Sheed","West Coast Eagles","1995-04-10",591000,749000,"MID","MID",56,15,1344,89.6,139,52,5198,3.14,165,46.4
1002253,"Kane","Farrell","Port Adelaide","1999-03-17",590000,551000,"MID/DEF","MID",186,20,1290,64.5,98,36,762,0.46,266,18.4
997100,"Will","Hayward","Sydney Swans","1998-10-26",589000,523000,"FWD","FWD",195,22,1386,63,106,35,725,0.44,277,18.3
998390,"Changkuoth","Jiath","Hawthorn","1999-06-13",589000,491000,"DEF","DEF",241,8,452,56.5,70,40,2361,1.43,227,12.3
990740,"Rory","Lobb","Western Bulldogs","1993-02-09",588000,582000,"FWD","FWD",227,20,1169,58.5,106,23,606,0.37,269,10.9
1004965,"Tristan","Xerri","North Melbourne","1999-03-15",587000,552000,"RUC","RUC",179,9,594,66,110,26,1017,0.62,218,50.5
296035,"Trent","Dumont","Port Adelaide","1995-06-30",585000,585000,"MID","MID",428,0,0,0,0,0,81,0.05,295,4.2
1004848,"Dylan","Stephens","Sydney Swans","2001-01-08",585000,434000,"MID","MID",251,13,714,54.9,104,17,696,0.42,283,12.1
291313,"Jeremy","Howe","Collingwood","1990-06-29",584000,541000,"DEF","DEF",196,11,692,62.9,98,31,1141,0.69,245,20.6
1004870,"Zach","Guthrie","Geelong Cats","1998-06-30",584000,608000,"DEF","DEF",153,23,1613,70.1,97,36,1733,1.05,278,25.2
298290,"Marc","Pittonet","Carlton","1996-06-03",583000,471000,"RUC","RUC",226,15,880,58.7,91,8,867,0.52,281,20.9
298265,"Daniel","McKenzie","St Kilda","1996-05-17",582000,582000,"MID","MID",428,0,0,0,0,0,71,0.04,309,3.9
991988,"Zak","Jones","St Kilda","1995-03-15",579000,541000,"MID","MID",255,4,218,54.5,79,5,247,0.15,288,10.3
997033,"Brennan","Cox","Fremantle","1998-08-13",579000,593000,"DEF","DEF",154,20,1398,69.9,141,25,4060,2.46,302,33.2
1018018,"Cooper","Sharman","St Kilda","2000-07-25",578000,402000,"DEF/FWD","DEF/FWD",324,15,666,44.4,89,14,616,0.37,314,6.9
1009253,"Lachie","Ash","GWS Giants","2001-06-21",576000,716000,"MID/DEF","MID",73,23,1940,84.3,123,55,2809,1.7,250,71.3
290527,"Trent","McKenzie","Port Adelaide","1992-04-03",575000,309000,"DEF","DEF",335,17,723,42.5,71,10,284,0.17,292,4.9
280737,"Liam","Shiels","North Melbourne","1991-04-29",573000,644000,"MID/FWD","MID/FWD",104,16,1237,77.3,128,30,860,0.52,276,32.5
993771,"Marlion","Pickett","Richmond","1992-01-06",573000,375000,"MID/FWD","MID",287,21,1054,50.2,88,18,2464,1.49,328,7.2
1000860,"Lachie","Schultz","Fremantle","1997-11-30",573000,729000,"FWD","FWD",100,23,1806,78.5,114,42,1454,0.88,307,52.3
1002401,"Brandon","Starcevich","Brisbane Lions","1999-07-24",573000,445000,"DEF","DEF",293,23,1134,49.3,81,15,942,0.57,304,6.8
1006137,"Curtis","Taylor","North Melbourne","2000-04-06",573000,485000,"MID/FWD","MID",206,16,981,61.3,83,26,420,0.25,303,13.4
1002235,"Cam","Rayner","Brisbane Lions","1999-10-21",570000,522000,"FWD/DEF","FWD",190,23,1465,63.7,99,26,2734,1.65,210,29.1
293581,"Lincoln","McCarthy","Brisbane Lions","1993-10-22",567000,544000,"FWD","FWD",246,21,1165,55.5,102,28,419,0.25,322,7.8
998791,"Jamaine","Jones","West Coast Eagles","1998-09-29",566000,513000,"DEF","DEF",175,13,866,66.6,102,21,485,0.29,311,13.7
281007,"Michael","Walters","Fremantle","1991-01-07",565000,392000,"FWD","FWD",292,20,987,49.4,97,20,834,0.5,305,7.2
1004095,"Jack","Lukosius","Gold Coast Suns","2000-08-09",565000,607000,"FWD","FWD",139,22,1586,72.1,111,38,927,0.56,236,40.9
1015889,"Max","Holmes","Geelong Cats","2002-08-29",565000,587000,"MID","MID",112,21,1593,75.9,109,40,1923,1.16,228,43
1004909,"Lachie","Young","North Melbourne","1999-04-06",561000,506000,"DEF","DEF",245,4,223,55.8,71,46,68,0.04,329,4.1
1008454,"Connor","Budarick","Gold Coast Suns","2001-04-06",561000,566000,"DEF","DEF",130,2,147,73.5,83,64,58,0.04,337,7
1012825,"Jake","Bowey","Melbourne","2002-09-12",561000,543000,"DEF","DEF",199,21,1308,62.3,81,32,696,0.42,308,12.9
1000887,"Mitch","Lewis","Hawthorn","1998-10-14",560000,584000,"FWD","FWD",140,15,1078,71.9,126,31,964,0.58,333,38
291509,"Adam","Kennedy","GWS Giants","1992-07-12",559000,349000,"DEF/FWD","DEF",400,5,130,26,52,11,82,0.05,332,5
293884,"Jake","Stringer","Essendon","1994-04-25",557000,478000,"FWD","FWD",201,17,1054,62,115,31,838,0.51,294,16.7
992059,"Sam","Switkowski","Fremantle","1996-11-20",557000,592000,"FWD","FWD",194,22,1389,63.1,104,2,699,0.42,340,18
1015507,"Nasiah","Wanganeen-Milera","St Kilda","2003-02-22",555000,807000,"MID/DEF","MID",51,23,2101,91.3,130,53,11316,6.84,313,84.7
999391,"Tom","Sparrow","Melbourne","2000-05-31",554000,552000,"MID/FWD","MID/FWD",175,21,1399,66.6,92,35,1121,0.68,298,23.3
1006133,"Jack","Ross","Richmond","2000-09-03",553000,617000,"MID","MID",142,19,1360,71.6,105,19,467,0.28,348,26.9
1006136,"Lachlan","Sholl","Adelaide Crows","2000-03-07",553000,528000,"MID","MID",167,16,1084,67.8,110,33,827,0.5,344,16.5
1011640,"Jason","Horne-Francis","Port Adelaide","2003-06-21",553000,582000,"MID/FWD","MID/FWD",166,22,1497,68,107,34,22118,13.38,130,55
250395,"Jack","Riewoldt","Richmond","1988-10-31",552000,448000,"FWD","FWD",250,21,1154,55,105,17,1418,0.86,336,9.7
270146,"Ed","Curnow","Carlton","1989-11-07",552000,354000,"MID/FWD","MID",265,17,896,52.7,107,6,1506,0.91,323,8.8
290838,"Jack","Darling","West Coast Eagles","1992-06-13",552000,541000,"FWD","FWD",228,20,1167,58.4,94,27,625,0.38,342,7.4
1004912,"Tom","De Koning","Carlton","1999-07-16",552000,542000,"RUC","RUC",177,16,1060,66.3,105,28,4165,2.52,261,40.7
1006143,"Max","King","St Kilda","2000-07-07",551000,453000,"FWD","FWD",233,10,577,57.7,90,0,726,0.44,330,12.1
1008543,"Harry","Schoenberg","Adelaide Crows","2001-02-21",551000,476000,"MID","MID",282,11,558,50.7,84,20,546,0.33,320,10.3
1012862,"Elijah","Hollands","Gold Coast Suns","2002-04-25",551000,457000,"MID","MID",279,9,460,51.1,73,34,443,0.27,254,11.3
1013220,"Nathan","O'Driscoll","Fremantle","2002-05-17",550000,522000,"MID","MID",241,10,565,56.5,92,21,459,0.28,319,8.2
1003192,"Connor","West","West Coast Eagles","1999-05-07",549000,381000,"MID/FWD","MID/FWD",351,9,359,39.9,60,11,371,0.22,316,4.5
1007124,"Conor","Nash","Hawthorn","1998-07-28",549000,714000,"MID","MID",82,23,1887,82,130,38,1126,0.68,346,55.9
296254,"Jarman","Impey","Hawthorn","1995-07-09",548000,691000,"DEF","DEF",90,22,1774,80.6,124,23,2061,1.25,334,58.5
996464,"Darcy","Macpherson","Gold Coast Suns","1997-10-29",548000,527000,"DEF/FWD","DEF/FWD",111,23,1751,76.1,119,14,2961,1.79,356,63.3
297504,"Daniel","McStay","Collingwood","1995-06-24",544000,487000,"FWD","FWD",260,12,645,53.8,79,3,699,0.42,317,7.4
991773,"Billy","Frampton","Collingwood","1996-11-20",542000,369000,"DEF/RUC","DEF",283,15,759,50.6,86,18,847,0.51,338,10.4
1005053,"Noah","Answerth","Brisbane Lions","1999-08-06",542000,428000,"DEF","DEF",361,4,153,38.3,76,22,119,0.07,351,3.6
1017088,"Ben","Hobbs","Essendon","2003-09-16",541000,642000,"FWD/MID","FWD",109,18,1377,76.5,108,23,3525,2.13,273,58.6
297255,"Mitch","McGovern","Carlton","1994-10-11",540000,594000,"DEF","DEF",148,19,1344,70.7,96,30,1682,1.02,315,23.4
298280,"Jayden","Laverde","Essendon","1996-04-12",539000,581000,"DEF","DEF",169,19,1281,67.4,138,26,706,0.43,360,16.4
1004863,"Mitchell","Hinge","Adelaide Crows","1998-06-26",538000,733000,"DEF/MID","DEF/MID",114,22,1666,75.7,124,11,3210,1.94,350,52.3
280944,"Jack","Ziebell","North Melbourne","1991-02-28",537000,653000,"FWD/DEF","FWD",56,22,1972,89.6,168,24,10304,6.23,192,68.1
1004938,"Gryan","Miers","Geelong Cats","1999-03-30",537000,666000,"FWD","FWD",116,23,1736,75.5,128,41,1375,0.83,364,51.3
1008550,"Will","Day","Hawthorn","2001-06-05",537000,813000,"DEF/MID","DEF",39,21,2002,95.3,128,70,47478,28.72,182,93
1017118,"Josh","Goater","North Melbourne","2003-06-02",537000,451000,"DEF/MID","DEF/MID",255,10,545,54.5,85,16,889,0.54,216,11.2
291351,"Jack","Gunston","Brisbane Lions","1991-10-16",535000,470000,"FWD","FWD",252,17,932,54.8,127,15,930,0.56,296,9.9
298470,"Shane","McAdam","Adelaide Crows","1995-05-28",534000,523000,"FWD","FWD",217,7,418,59.7,77,33,190,0.11,374,3.7
1008154,"Matthew","Cottrell","Carlton","2000-02-29",533000,509000,"MID/FWD","MID/FWD",199,14,872,62.3,97,36,582,0.35,365,12.5
1004985,"Ben","Paton","St Kilda","1998-10-19",530000,481000,"DEF","DEF",256,12,653,54.4,87,18,120,0.07,367,4.3
1007881,"Wil","Powell","Gold Coast Suns","1999-08-26",530000,757000,"DEF","DEF",81,18,1478,82.1,127,44,841,0.51,331,36.5
1008123,"Jake","Riccardi","GWS Giants","1999-11-07",527000,447000,"FWD","FWD",254,18,982,54.6,103,31,214,0.13,380,5.8
1008282,"Xavier","O'Neill","West Coast Eagles","2000-08-03",527000,438000,"MID/FWD","MID",259,15,808,53.9,75,32,257,0.16,375,4.7
1015873,"Archie","Perkins","Essendon","2002-03-26",527000,534000,"FWD","FWD",170,23,1548,67.3,104,27,1371,0.83,235,35.9
1002227,"Jack","Higgins","St Kilda","1999-03-19",526000,532000,"FWD","FWD",190,21,1337,63.7,114,31,833,0.5,357,15.5
1005577,"Sam","Draper","Essendon","1998-09-28",524000,534000,"RUC","RUC",175,14,932,66.6,103,41,9198,5.56,217,34
1000932,"Tom","Doedee","Adelaide Crows","1997-03-01",523000,468000,"DEF","DEF",246,11,611,55.5,101,2,794,0.48,358,6.2
1001195,"Izak","Rankine","Adelaide Crows","2000-04-23",523000,621000,"FWD","FWD",125,20,1484,74.2,104,37,4066,2.46,225,54.9
295265,"Nick","Haynes","GWS Giants","1992-05-18",522000,433000,"DEF","DEF",176,19,1263,66.5,126,9,876,0.53,326,32.5
998484,"Cameron","Zurhaar","North Melbourne","1998-05-22",522000,516000,"FWD","FWD",186,16,1032,64.5,91,25,808,0.49,284,14.5
1001024,"Ned","Reeves","Hawthorn","1998-10-31",522000,586000,"RUC","RUC",209,21,1279,60.9,108,24,1858,1.12,318,31.6
1004364,"Liam","Ryan","West Coast Eagles","1996-10-02",522000,582000,"FWD","FWD",138,3,217,72.3,95,38,849,0.51,363,9.6
1004530,"Jacob","Wehr","GWS Giants","1998-07-05",522000,382000,"MID","MID",396,4,115,28.8,47,11,111,0.07,376,3.3
1008089,"Isaac","Quaynor","Collingwood","2000-01-15",522000,580000,"DEF","DEF",164,23,1576,68.5,118,25,3163,1.91,325,30.4
297473,"Jake","Kelly","Essendon","1995-01-21",521000,491000,"DEF","DEF",224,17,1001,58.9,113,31,420,0.25,368,7.3
1006127,"Rhylee","West","Western Bulldogs","2000-07-12",521000,479000,"FWD","FWD",273,12,620,51.7,91,18,156,0.09,353,4.4
998647,"Mason","Cox","Collingwood","1991-03-14",520000,424000,"RUC/FWD","RUC/FWD",219,16,950,59.4,129,14,3851,2.33,310,25.6
280744,"Luke","Breust","Hawthorn","1990-11-11",514000,520000,"FWD","FWD",212,21,1269,60.4,90,32,867,0.52,381,7.9
291327,"Jonathon","Ceglar","Geelong Cats","1991-02-14",514000,574000,"RUC","RUC",160,6,416,69.3,80,59,318,0.19,355,8.9
997933,"Griffin","Logue","North Melbourne","1998-04-13",514000,450000,"DEF/FWD","DEF/FWD",271,15,778,51.9,78,3,885,0.54,299,6.5
1017109,"Jake","Soligo","Adelaide Crows","2003-01-25",514000,587000,"MID/FWD","MID",168,21,1419,67.6,107,16,2397,1.45,321,26.4
291720,"Will","Hoskin-Elliott","Collingwood","1993-09-02",513000,415000,"FWD/MID","FWD",246,20,1109,55.5,92,10,1379,0.83,372,7.4
297456,"Nick","Holman","Gold Coast Suns","1995-05-29",513000,416000,"FWD","FWD",238,19,1083,57,90,26,130,0.08,392,7
993917,"Ben","Long","Gold Coast Suns","1997-08-21",513000,367000,"DEF/FWD","DEF/FWD",328,15,657,43.8,60,18,676,0.41,263,5.6
290160,"Michael","Hibberd","Melbourne","1990-01-03",512000,328000,"DEF","DEF",347,11,444,40.4,78,8,205,0.12,388,2.9
290757,"Jimmy","Webster","St Kilda","1993-06-28",509000,531000,"DEF","DEF",194,16,1010,63.1,85,40,272,0.16,0,7
1009186,"Trent","Bianco","Collingwood","2001-01-20",509000,490000,"MID/FWD","MID/FWD",379,1,34,34,34,34,248,0.15,382,3.2
294508,"Aidan","Corr","North Melbourne","1994-05-17",508000,512000,"DEF","DEF",225,19,1118,58.8,102,17,415,0.25,383,9.8
992351,"Bailey","Williams","Western Bulldogs","1997-10-10",508000,505000,"DEF/MID","DEF/MID",154,23,1607,69.9,108,16,2679,1.62,335,39.2
1009260,"Sam","Flanders","Gold Coast Suns","2001-07-24",508000,851000,"MID/FWD","MID/FWD",56,14,1254,89.6,146,26,21526,13.02,243,79.9
1009308,"Noah","Cumberland","Richmond","2001-03-15",508000,324000,"FWD","FWD",330,9,389,43.2,102,-2,482,0.29,352,4.3
1005599,"Luke","Foley","West Coast Eagles","1999-10-08",507000,476000,"DEF","DEF",254,9,491,54.6,76,30,93,0.06,0,3
1008384,"Riley","Thilthorpe","Adelaide Crows","2002-07-07",507000,400000,"FWD","FWD",263,21,1110,52.9,92,18,415,0.25,312,9.5
1011954,"Nick","Bryan","Essendon","2001-10-22",504000,478000,"RUC/FWD","RUC/FWD",251,8,439,54.9,91,29,439,0.27,384,13.6
294168,"Marcus","Adams","Brisbane Lions","1993-06-30",503000,503000,"DEF","DEF",428,0,0,0,0,0,59,0.04,0,2.1
298211,"Darcy","Fort","Brisbane Lions","1993-08-06",503000,386000,"RUC/FWD","RUC/FWD",318,7,317,45.3,79,5,590,0.36,362,9
999321,"Michael","Frederick","Fremantle","2000-05-17",503000,477000,"FWD","FWD",230,19,1104,58.1,78,32,1540,0.93,361,6.9
1015810,"Sam","Durham","Essendon","2001-07-09",503000,548000,"MID","MID",195,22,1386,63,96,23,1750,1.06,371,15.2
296225,"Willie","Rioli","Port Adelaide","1995-06-04",502000,510000,"MID/FWD","MID/FWD",252,17,931,54.8,79,29,3281,1.98,324,7.2
290085,"Taylor","Duryea","Western Bulldogs","1991-04-24",501000,439000,"DEF","DEF",284,20,1010,50.5,69,34,351,0.21,0,3.7
1007102,"Mark","O'Connor","Geelong Cats","1997-01-17",501000,540000,"DEF/MID","DEF",202,22,1362,61.9,90,35,594,0.36,0,8.1
294518,"Joe","Daniher","Brisbane Lions","1994-03-04",5e+05,611000,"FWD","FWD",110,23,1752,76.2,121,36,2412,1.46,354,57.3
996232,"Matt","Guelfi","Essendon","1997-08-14",5e+05,414000,"FWD","FWD",284,13,656,50.5,88,14,252,0.15,0,3.7
999331,"Darcy","Fogarty","Adelaide Crows","1999-09-25",5e+05,516000,"FWD","FWD",212,21,1268,60.4,121,28,2637,1.6,359,22.5
298288,"Darcy","Moore","Collingwood","1996-01-25",499000,531000,"DEF","DEF",192,21,1332,63.4,110,12,7259,4.39,341,18.5
293854,"Matt","Taberner","Fremantle","1993-06-17",498000,420000,"FWD","FWD",340,4,165,41.3,45,35,262,0.16,0,3.1
1008541,"Kysaiah","Pickett","Melbourne","2001-06-02",497000,518000,"FWD","FWD",194,21,1325,63.1,120,26,5528,3.34,297,37.9
1017094,"Connor","Macdonald","Hawthorn","2003-01-13",497000,661000,"FWD","FWD",148,21,1485,70.7,104,24,556,0.34,306,28.2
291962,"Chad","Wingard","Hawthorn","1993-07-29",496000,609000,"FWD","FWD",212,14,845,60.4,116,0,633,0.38,279,21.4
997316,"Lewis","Young","Carlton","1998-12-20",496000,454000,"DEF","DEF",240,15,851,56.7,88,30,965,0.58,0,6.2
1000960,"Max","Lynch","Hawthorn","1998-09-12",496000,466000,"RUC","RUC",419,1,17,17,17,17,214,0.13,389,2.4
1001438,"Bayley","Fritsch","Melbourne","1996-12-06",495000,493000,"FWD","FWD",194,15,947,63.1,97,4,1374,0.83,373,11.7
1008752,"Kieran","Strachan","Adelaide Crows","1995-10-05",495000,495000,"RUC","RUC",428,0,0,0,0,0,154,0.09,390,3.3
293651,"Hayden","Crozier","Western Bulldogs","1993-12-24",494000,486000,"DEF","DEF",239,4,227,56.8,102,22,326,0.2,0,3.7
291849,"Brody","Mihocek","Collingwood","1993-02-04",492000,485000,"FWD","FWD",213,21,1266,60.3,98,24,1820,1.1,0,9.1
1010174,"Mitch","Georgiades","Port Adelaide","2001-09-28",492000,503000,"FWD","FWD",204,2,123,61.5,64,59,358,0.22,0,4.9
1011659,"Tom","Powell","North Melbourne","2002-03-02",492000,448000,"MID/FWD","MID/FWD",235,14,803,57.4,95,21,1357,0.82,247,12.9
1008083,"Connor","Idun","GWS Giants","2000-07-29",491000,543000,"DEF","DEF",171,23,1540,67,103,30,509,0.31,0,16.2
1008882,"Charlie","Ballard","Gold Coast Suns","1999-07-23",491000,392000,"DEF","DEF",236,23,1318,57.3,115,18,594,0.36,0,9.9
1011994,"Ryan","Byrnes","St Kilda","2001-05-03",491000,436000,"MID/FWD","MID/FWD",201,20,1240,62,98,34,1659,1,0,17.1
291357,"Gary","Rohan","Geelong Cats","1991-06-07",490000,419000,"FWD","FWD",287,15,753,50.2,102,13,727,0.44,0,2.5
298312,"Paddy","McCartin","Sydney Swans","1996-04-19",490000,436000,"DEF","DEF",350,4,160,40,68,4,606,0.37,0,2.1
1020802,"Jai","Culley","West Coast Eagles","2003-02-24",490000,422000,"MID","MID",343,5,205,41,71,2,785,0.47,229,5.7
996059,"Harris","Andrews","Brisbane Lions","1996-12-11",489000,550000,"DEF","DEF",163,23,1582,68.8,110,19,3017,1.82,366,30.2
1002282,"Charlie","Spargo","Melbourne","1999-11-25",489000,346000,"FWD","FWD",316,13,591,45.5,75,6,429,0.26,0,2
1006096,"Xavier","Duursma","Port Adelaide","2000-07-07",489000,596000,"MID","MID",177,14,928,66.3,105,19,2274,1.38,291,16.7
1006232,"Sam","Wicks","Sydney Swans","1999-09-14",489000,499000,"FWD","FWD",239,10,568,56.8,77,31,168,0.1,0,2.7
1017114,"Tyler","Sonsie","Richmond","2003-01-27",489000,432000,"MID/FWD","MID/FWD",373,3,107,35.7,53,10,324,0.2,345,4.5
1006114,"Bailey J.","Williams","West Coast Eagles","2000-04-17",488000,599000,"RUC","RUC",108,23,1764,76.7,121,37,2418,1.46,385,58.6
1009386,"Jaxon","Prior","Brisbane Lions","2001-06-04",487000,398000,"MID","MID",331,5,215,43,67,6,229,0.14,0,1.5
1013462,"Jase","Burgoyne","Port Adelaide","2003-07-15",486000,356000,"DEF","DEF",372,5,179,35.8,55,5,476,0.29,369,3.5
993832,"Jacob","Weitering","Carlton","1997-11-23",483000,610000,"DEF","DEF",150,23,1619,70.4,98,39,3653,2.21,387,27.7
996554,"Jake","Waterman","West Coast Eagles","1998-05-06",483000,577000,"FWD","FWD",126,11,815,74.1,110,31,656,0.4,0,20.3
1002347,"Jack","Payne","Brisbane Lions","1999-10-15",483000,341000,"DEF","DEF",309,22,1024,46.5,74,14,548,0.33,0,2.2
1004034,"Brandon","Zerk-Thatcher","Essendon","1998-08-25",482000,472000,"DEF","DEF",270,22,1149,52.2,84,19,831,0.5,0,4.7
1009410,"Brandon","Walker","Fremantle","2002-10-17",480000,349000,"DEF","DEF",359,14,541,38.6,70,4,552,0.33,0,2.1
1009421,"Finn","Maginness","Hawthorn","2001-02-23",480000,361000,"MID/DEF","MID",331,13,559,43,62,21,1079,0.65,0,3.7
992330,"Jordon","Sweet","Western Bulldogs","1998-02-02",478000,478000,"RUC","RUC",428,0,0,0,0,0,190,0.11,393,4.5
993841,"Josh","Schache","Melbourne","1997-08-21",478000,425000,"FWD","FWD",404,2,50,25,42,8,43,0.03,0,1.3
280988,"Travis","Colyer","Fremantle","1991-08-24",477000,477000,"FWD","FWD",428,0,0,0,0,0,51,0.03,0,1
294469,"Aliir","Aliir","Port Adelaide","1994-09-05",477000,439000,"DEF","DEF",280,22,1120,50.9,84,29,5691,3.44,0,5
292145,"Tom","Jonas","Port Adelaide","1991-01-09",476000,327000,"DEF","DEF",374,13,460,35.4,61,10,716,0.43,0,1.4
994077,"Mabior","Chol","Gold Coast Suns","1997-01-29",476000,409000,"FWD","FWD",295,8,392,49,82,26,900,0.54,370,3
1000998,"Lachlan","Murphy","Adelaide Crows","1998-12-04",476000,550000,"FWD","FWD",197,22,1374,62.5,107,24,380,0.23,0,7.3
1005729,"Tarryn","Thomas","North Melbourne","2000-03-25",475000,667000,"MID/FWD","MID/FWD",96,12,952,79.3,105,54,6280,3.8,289,59.2
290307,"Dane","Rampe","Sydney Swans","1990-06-02",474000,446000,"DEF","DEF",218,14,834,59.6,100,35,1773,1.07,0,12.3
1002245,"Noah","Balta","Richmond","1999-10-23",474000,595000,"DEF/FWD","DEF/FWD",185,23,1487,64.7,92,35,2758,1.67,391,17.6
291492,"Josh","Bruce","Western Bulldogs","1992-06-08",473000,351000,"FWD/DEF","FWD",339,8,332,41.5,84,19,378,0.23,0,1.9
1000980,"Lloyd","Meek","Hawthorn","1998-04-22",473000,484000,"RUC/FWD","RUC",219,16,950,59.4,95,13,3477,2.1,257,16.7
1012805,"Tanner","Bruhn","Geelong Cats","2002-05-27",471000,618000,"MID/FWD","MID/FWD",148,19,1343,70.7,100,42,3495,2.11,264,34.8
996580,"Ethan","Hughes","Fremantle","1994-12-07",470000,455000,"DEF/MID","DEF/MID",255,20,1090,54.5,79,27,1716,1.04,386,6.9
1002228,"Lachie","Fogarty","Carlton","1999-04-01",470000,489000,"MID/FWD","MID/FWD",207,9,551,61.2,87,26,734,0.44,0,10.6
1013973,"Matthew","Owies","Carlton","1997-03-19",470000,456000,"FWD","FWD",283,16,809,50.6,66,25,496,0.3,0,1.4
294013,"Sean","Lemmens","Gold Coast Suns","1994-11-02",469000,335000,"DEF","DEF",336,11,465,42.3,73,17,132,0.08,0,1.2
1008436,"Kieren","Briggs","GWS Giants","1999-10-06",469000,783000,"RUC","RUC",42,14,1317,94.1,130,59,10530,6.37,0,82.6
1011985,"Hugo","Ralphsmith","Richmond","2001-11-09",469000,266000,"DEF","DEF",356,13,506,38.9,89,2,616,0.37,377,3.1
1000061,"Callum","Coleman-Jones","North Melbourne","1999-06-13",468000,424000,"RUC/FWD","RUC/FWD",286,9,453,50.3,105,19,703,0.43,378,6.3
992374,"Dan","Butler","St Kilda","1996-06-03",466000,502000,"FWD","FWD",221,23,1361,59.2,86,26,729,0.44,0,4.5
997823,"Josh","Rotham","West Coast Eagles","1998-02-25",466000,452000,"DEF","DEF",310,13,603,46.4,85,9,254,0.15,0,2.1
1002222,"James","Worpel","Hawthorn","1999-01-24",463000,733000,"MID","MID",65,23,1984,86.3,127,57,28512,17.25,212,69.1
991933,"Jason","Castagna","Richmond","1996-07-12",462000,462000,"FWD","FWD",428,0,0,0,0,0,113,0.07,0,1.2
1017051,"Josh","Rachele","Adelaide Crows","2003-04-11",461000,512000,"FWD/MID","FWD",140,21,1509,71.9,105,27,7637,4.62,262,53.2
296041,"Tim","O'Brien","Western Bulldogs","1994-03-28",459000,461000,"DEF","DEF",265,7,369,52.7,71,21,114,0.07,0,1.6
990840,"Jack","Hayes","St Kilda","1996-03-06",459000,449000,"FWD","FWD",331,1,43,43,43,43,149,0.09,0,4.5
1006550,"Jack","Petruccelle","West Coast Eagles","1999-04-12",459000,449000,"FWD","FWD",260,18,968,53.8,83,4,262,0.16,0,2.7
993953,"Eric","Hipwood","Brisbane Lions","1997-09-13",458000,526000,"FWD","FWD",220,23,1363,59.3,98,27,991,0.6,0,5.6
1003203,"Hayden","McLean","Sydney Swans","1999-01-20",458000,614000,"FWD","FWD",181,21,1377,65.6,106,32,370,0.22,0,14.5
1008091,"Joel","Amartey","Sydney Swans","1999-09-02",458000,429000,"FWD","FWD",281,14,711,50.8,91,12,338,0.2,0,4.2
1011771,"Flynn","Perez","North Melbourne","2001-08-25",458000,411000,"DEF/MID","DEF/MID",317,5,227,45.4,73,27,250,0.15,0,2.1
992054,"Roarke","Smith","Western Bulldogs","1996-09-11",457000,457000,"MID","MID",428,0,0,0,0,0,180,0.11,0,1
993816,"Darcy","Tucker","North Melbourne","1997-01-23",457000,514000,"MID/FWD","MID/FWD",210,18,1095,60.8,90,12,799,0.48,293,12.5
1008185,"Ned","McHenry","Adelaide Crows","2000-07-13",456000,415000,"FWD","FWD",323,11,490,44.5,67,3,158,0.1,0,1.4
1009378,"Trent","Rivers","Melbourne","2001-07-30",456000,643000,"DEF","DEF",109,23,1759,76.5,108,46,2833,1.71,0,45.8
293738,"Sam","Frost","Hawthorn","1993-08-28",455000,359000,"DEF","DEF",290,18,893,49.6,79,26,754,0.46,0,1.6
295446,"Sam","Collins","Gold Coast Suns","1994-06-15",455000,406000,"DEF","DEF",256,23,1252,54.4,91,29,1009,0.61,0,6.5
999715,"Jy","Farrar","Gold Coast Suns","1996-12-07",455000,297000,"DEF","DEF",366,9,332,36.9,67,15,157,0.09,0,1.1
1002947,"Paul","Curtis","North Melbourne","2003-03-04",455000,440000,"FWD","FWD",327,21,922,43.9,76,16,553,0.33,0,2
1012857,"Jack","Ginnivan","Collingwood","2002-12-09",455000,372000,"FWD","FWD",314,11,503,45.7,82,2,1781,1.08,0,3.3
296190,"Jack","Martin","Carlton","1995-01-29",452000,505000,"FWD","FWD",257,11,595,54.1,87,25,559,0.34,0,4.5
298281,"Jake","Lever","Melbourne","1996-03-05",452000,471000,"DEF","DEF",253,22,1203,54.7,95,24,3428,2.07,0,8.4
1008855,"Oskar","Baker","Western Bulldogs","1998-05-25",452000,446000,"MID","MID",214,18,1084,60.2,97,14,1560,0.94,0,7.1
1001017,"Nick","Larkey","North Melbourne","1998-06-06",451000,565000,"FWD","FWD",215,23,1380,60,162,21,1889,1.14,0,6.9
1002248,"Sam","Hayes","Port Adelaide","1999-06-09",451000,449000,"RUC","RUC",284,4,202,50.5,64,28,433,0.26,0,9.2
296588,"Robbie","McComb","Western Bulldogs","1995-12-19",450000,326000,"MID/FWD","MID/FWD",416,3,54,18,35,7,297,0.18,0,0.9
1023167,"Brady","Hough","West Coast Eagles","2003-03-05",450000,578000,"DEF/MID","DEF/MID",204,15,922,61.5,111,19,611,0.37,0,10.6
290797,"Alex","Keath","Western Bulldogs","1992-01-20",449000,444000,"DEF","DEF",276,18,926,51.4,99,13,413,0.25,0,1.7
1009385,"Deven","Robertson","Brisbane Lions","2001-06-30",449000,345000,"MID/FWD","MID",359,13,502,38.6,67,3,3032,1.83,0,6.4
290246,"Tom","Campbell","St Kilda","1991-11-02",448000,448000,"RUC/FWD","RUC/FWD",428,0,0,0,0,0,622,0.38,379,3.3
1023270,"Marcus","Windhager","St Kilda","2003-05-16",448000,645000,"MID/FWD","MID/FWD",193,18,1138,63.2,114,15,6165,3.73,274,35.2
280824,"Jake","Melksham","Melbourne","1991-08-29",445000,469000,"FWD","FWD",297,13,634,48.8,99,16,383,0.23,0,1.4
1005199,"Elliott","Himmelberg","Adelaide Crows","1998-06-04",445000,431000,"FWD","FWD",313,3,138,46,62,35,171,0.1,0,1.2
1011803,"Cody","Weightman","Western Bulldogs","2001-01-15",445000,444000,"FWD","FWD",228,19,1110,58.4,108,14,1483,0.9,0,13.1
1000937,"Jack","Henry","Geelong Cats","1998-08-29",444000,422000,"DEF","DEF",291,11,545,49.5,72,9,625,0.38,0,2.9
1005144,"Massimo","D'Ambrosio","Essendon","2003-06-05",443000,336000,"DEF","DEF",338,8,334,41.8,97,6,761,0.46,0,5.8
291867,"Ben","Brown","Melbourne","1992-11-20",442000,409000,"FWD","FWD",282,7,355,50.7,94,11,645,0.39,0,4.6
296269,"Darcy","Gardiner","Brisbane Lions","1995-09-22",442000,416000,"DEF","DEF",353,2,79,39.5,41,38,113,0.07,0,0.9
992048,"Anthony","Scott","Western Bulldogs","1995-02-28",442000,397000,"MID/FWD","MID",299,22,1066,48.5,88,18,1257,0.76,0,3
990882,"Wayne","Milera","Adelaide Crows","1997-09-14",441000,670000,"FWD/DEF","FWD",144,22,1571,71.4,114,36,1850,1.12,237,38.9
1006013,"James","Peatling","GWS Giants","2000-08-21",440000,416000,"FWD","FWD",301,10,480,48,71,24,75,0.05,0,1.8
1006030,"Jacob","Koschitzke","Hawthorn","2000-07-11",440000,457000,"FWD","FWD",297,12,586,48.8,83,22,291,0.18,0,1.5
1012860,"Oliver","Henry","Geelong Cats","2002-07-29",440000,488000,"FWD","FWD",244,22,1229,55.9,85,9,1437,0.87,339,8.5
1004757,"Beau","McCreery","Collingwood","2001-04-19",439000,460000,"FWD","FWD",268,22,1152,52.4,84,14,1493,0.9,0,4.3
994539,"Sam","Petrevski-Seton","West Coast Eagles","1998-02-19",437000,476000,"FWD","FWD",237,13,743,57.2,93,21,345,0.21,0,3.4
1017126,"Sam","Darcy","Western Bulldogs","2003-07-19",436000,336000,"DEF/FWD","DEF/FWD",412,3,60,20,28,10,2688,1.63,267,6.5
1012144,"Kallan","Dawson","North Melbourne","1998-07-22",434000,420000,"DEF","DEF",379,1,34,34,34,34,70,0.04,0,0.8
290675,"Daniel","Lloyd","GWS Giants","1992-02-18",432000,478000,"FWD","FWD",242,20,1124,56.2,76,33,208,0.13,0,1.7
1013230,"Logan","McDonald","Sydney Swans","2002-04-04",431000,458000,"FWD","FWD",253,19,1040,54.7,84,19,546,0.33,0,4.9
298437,"Callum","Ah Chee","Brisbane Lions","1997-10-09",430000,466000,"MID","MID",280,9,458,50.9,108,0,1374,0.83,0,8.4
993480,"Dougal","Howard","St Kilda","1996-03-25",430000,478000,"DEF","DEF",264,18,951,52.8,91,31,606,0.37,0,2.5
998529,"Ivan","Soldo","Richmond","1996-04-14",429000,595000,"RUC/FWD","RUC/FWD",99,8,629,78.6,107,36,4626,2.8,0,57.6
998195,"Tom","Highmore","St Kilda","1998-02-24",428000,428000,"DEF","DEF",428,0,0,0,0,0,69,0.04,0,1.2
1006203,"Chayce","Jones","Adelaide Crows","2000-01-14",428000,551000,"DEF/MID","DEF",170,18,1211,67.3,108,31,1425,0.86,0,19.4
294101,"Jason","Johannisen","Western Bulldogs","1992-11-08",427000,635000,"FWD/DEF","FWD",130,11,809,73.5,98,28,545,0.33,0,29.8
1001449,"Mitch","Hannan","Western Bulldogs","1994-03-09",426000,341000,"DEF","DEF",367,6,220,36.7,70,8,156,0.09,0,0.6
1023272,"Mitchito","Owens","St Kilda","2003-09-24",426000,576000,"FWD","FWD",127,22,1625,73.9,115,36,2950,1.78,0,57.6
997974,"Ash","Johnson","Collingwood","1997-10-06",425000,348000,"FWD","FWD",314,15,686,45.7,72,10,953,0.58,0,2.1
1015929,"Luke","Cleary","Western Bulldogs","2002-03-05",424000,410000,"DEF","DEF",388,1,31,31,31,31,119,0.07,0,0.8
1005326,"Jackson","Mead","Port Adelaide","2001-09-30",423000,327000,"MID/FWD","MID/FWD",371,7,251,35.9,55,17,364,0.22,0,1.8
1013153,"Patrick","Parnell","Adelaide Crows","2002-03-04",423000,399000,"DEF","DEF",329,5,218,43.6,100,0,294,0.18,0,2.5
1015827,"Nik","Cox","Essendon","2002-01-15",423000,374000,"MID","MID",325,6,265,44.2,63,30,636,0.38,0,5.7
294643,"Alex","Sexton","Gold Coast Suns","1993-12-03",421000,240000,"FWD","FWD",405,8,198,24.8,48,12,571,0.35,0,0.8
296291,"Jake","Kolodjashnij","Geelong Cats","1995-08-09",421000,359000,"DEF","DEF",293,19,937,49.3,77,21,721,0.44,0,1.6
996442,"Ryan","Clarke","Sydney Swans","1997-06-17",421000,226000,"FWD","FWD",369,14,505,36.1,65,2,399,0.24,0,1
1009229,"Sam","De Koning","Geelong Cats","2001-02-26",421000,466000,"DEF","DEF",302,19,911,47.9,75,16,4270,2.58,0,3.5
1027021,"Josh","Carmichael","Collingwood","1999-09-23",421000,390000,"MID/FWD","MID/FWD",426,1,8,8,8,8,569,0.34,0,2
1009301,"Jamarra","Ugle-Hagan","Western Bulldogs","2002-04-04",420000,542000,"FWD","FWD",215,23,1381,60,97,26,2971,1.8,0,20.2
992499,"Kayne","Turner","North Melbourne","1995-12-31",419000,403000,"DEF/FWD","DEF",309,12,558,46.5,74,13,408,0.25,0,0.8
291819,"Adam","Tomlinson","Melbourne","1993-08-10",418000,442000,"DEF","DEF",255,8,436,54.5,86,19,345,0.21,0,2.3
298336,"Nakia","Cockatoo","Brisbane Lions","1996-10-23",418000,418000,"FWD","FWD",428,0,0,0,0,0,98,0.06,0,0.8
1005992,"Joel","Jeffrey","Gold Coast Suns","2002-03-12",418000,440000,"FWD","FWD",276,7,360,51.4,75,30,161,0.1,0,1.3
1020250,"Neil","Erasmus","Fremantle","2003-12-02",418000,437000,"MID","MID",273,14,724,51.7,115,0,1015,0.61,300,12
1009015,"Lachlan","McNeil","Western Bulldogs","2001-09-02",417000,270000,"MID/FWD","MID/FWD",398,13,357,27.5,53,6,3687,2.23,0,0.9
990978,"Greg","Clark","West Coast Eagles","1997-05-24",416000,302000,"MID","MID",336,12,508,42.3,73,0,522,0.32,0,2.6
294125,"Nathan","Wilson","Fremantle","1993-01-07",415000,480000,"DEF","DEF",216,4,239,59.8,77,42,481,0.29,0,1.9
997501,"Ryan","Gardner","Western Bulldogs","1997-06-01",411000,320000,"DEF","DEF",357,10,388,38.8,72,16,197,0.12,0,1.1
1012817,"Zach","Reid","Essendon","2002-03-02",411000,411000,"DEF","DEF",428,0,0,0,0,0,79,0.05,0,0.9
1013133,"Braeden","Campbell","Sydney Swans","2002-02-04",411000,559000,"DEF","DEF",182,22,1435,65.2,110,22,1255,0.76,0,19.5
294504,"Tom","Clurey","Port Adelaide","1994-03-23",410000,386000,"DEF","DEF",420,1,16,16,16,16,149,0.09,0,0.8
1011437,"Harry","Edwards","West Coast Eagles","2000-10-01",410000,377000,"DEF","DEF",381,2,67,33.5,41,26,70,0.04,0,0.7
294624,"Lachie","Plowman","Carlton","1994-09-11",406000,411000,"DEF","DEF",250,1,55,55,55,55,297,0.18,0,1.3
1023266,"Finn","Callaghan","GWS Giants","2003-04-26",406000,667000,"MID","MID",113,18,1365,75.8,108,48,12090,7.31,224,35
298409,"Alex","Pearce","Fremantle","1995-06-09",405000,363000,"DEF","DEF",325,23,1016,44.2,76,15,2626,1.59,0,2
1005986,"Malcolm","Rosas","Gold Coast Suns","2001-06-27",405000,427000,"FWD","FWD",319,19,858,45.2,83,18,357,0.22,0,0.9
1014038,"Callum M.","Brown","GWS Giants","2000-08-15",403000,461000,"DEF/FWD","DEF",264,16,844,52.8,94,23,550,0.33,0,2.5
1018075,"Lachlan","Gollant","Adelaide Crows","2001-09-12",403000,411000,"FWD","FWD",264,4,211,52.8,79,36,93,0.06,0,0.8
1005000,"Laitham","Vandermeer","Western Bulldogs","1999-02-03",402000,461000,"FWD","FWD",262,11,584,53.1,80,33,378,0.23,0,2.8
996483,"Toby","McLean","Western Bulldogs","1996-01-31",401000,323000,"MID/FWD","MID/FWD",377,5,174,34.8,61,9,6026,3.64,153,7.1
293883,"Jed","Bews","Geelong Cats","1993-12-14",4e+05,338000,"DEF","DEF",349,15,601,40.1,64,9,958,0.58,0,0.9
296334,"Orazio","Fantasia","Port Adelaide","1995-09-14",4e+05,379000,"FWD","FWD",362,3,113,37.7,44,25,595,0.36,0,1.3
1017718,"Rhett","Bazzo","West Coast Eagles","2003-10-17",4e+05,295000,"DEF","DEF",392,11,333,30.3,50,7,914,0.55,0,0.8
993806,"Sam","Weideman","Essendon","1997-06-26",399000,348000,"FWD","FWD",303,16,762,47.6,87,13,918,0.56,0,2.1
1009380,"Jeremy","Sharp","Gold Coast Suns","2001-08-13",398000,398000,"MID","MID",428,0,0,0,0,0,416,0.25,0,2.7
1005107,"Nathan","Murphy","Collingwood","1999-12-15",397000,350000,"DEF","DEF",325,21,928,44.2,79,19,1373,0.83,0,1.1
998782,"Buku","Khamis","Western Bulldogs","2000-03-24",396000,373000,"DEF/FWD","DEF/FWD",421,1,15,15,15,15,882,0.53,0,1.2
1013233,"Jack","Carroll","Carlton","2002-12-20",396000,370000,"FWD","FWD",422,1,13,13,13,13,89,0.05,0,1.3
1017093,"Cooper","Hamilton","GWS Giants","2003-09-24",394000,405000,"DEF/MID","DEF",306,4,188,47,78,26,285,0.17,0,2.9
1009241,"Brodie","Kemp","Carlton","2001-05-01",392000,586000,"DEF/FWD","DEF/FWD",153,15,1052,70.1,107,29,3879,2.35,0,34.2
281124,"Levi","Casboult","Gold Coast Suns","1990-03-15",390000,504000,"FWD","FWD",247,20,1108,55.4,88,20,741,0.45,0,1.9
1004948,"Cooper","Stephens","Hawthorn","2001-01-17",390000,390000,"MID","MID",428,0,0,0,0,0,420,0.25,0,2.7
1013268,"Alex","Davies","Gold Coast Suns","2002-03-18",388000,459000,"MID/FWD","MID/FWD",247,9,499,55.4,92,35,1274,0.77,0,3.8
280819,"Dylan","Grimes","Richmond","1991-07-16",387000,289000,"DEF","DEF",364,22,817,37.1,71,18,4071,2.46,0,1.1
1011583,"Lachie","Jones","Port Adelaide","2002-04-09",386000,341000,"DEF/FWD","DEF/FWD",322,13,580,44.6,83,2,2362,1.43,349,4.1
1002143,"Ben","McKay","North Melbourne","1997-12-24",385000,441000,"DEF","DEF",266,19,1000,52.6,77,16,978,0.59,0,2.3
1009189,"Jack","Mahony","North Melbourne","2001-11-12",384000,395000,"FWD","FWD",304,2,95,47.5,63,32,91,0.06,0,0.7
997846,"Conor","McKenna","Brisbane Lions","1996-03-28",373000,542000,"DEF","DEF",183,23,1497,65.1,90,42,6407,3.88,343,12.9
1002403,"Ben","Miller","Richmond","1999-08-31",383000,370000,"DEF/RUC","DEF",317,13,590,45.4,87,15,1264,0.76,0,4.4
1007591,"Brynn","Teakle","Port Adelaide","1999-10-16",380000,449000,"RUC","RUC",225,4,235,58.8,74,48,1358,0.82,347,5.3
994385,"Jayden","Hunt","West Coast Eagles","1995-04-03",379000,652000,"DEF/MID","DEF",108,23,1765,76.7,126,32,7567,4.58,301,52.2
1005717,"Nick","Coffield","St Kilda","1999-10-23",379000,379000,"DEF","DEF",428,0,0,0,0,0,377,0.23,287,4.1
1002256,"Paddy","Dow","Carlton","1999-10-16",377000,534000,"MID","MID",240,10,567,56.7,95,24,1886,1.14,0,13.8
1000068,"Chris","Burgess","Gold Coast Suns","1995-11-26",374000,356000,"DEF/FWD","DEF/FWD",409,1,22,22,22,22,188,0.11,0,0.8
1006148,"Bobby","Hill","Collingwood","2000-02-09",374000,420000,"FWD","FWD",288,21,1053,50.1,81,15,3340,2.02,0,3.4
1005547,"Josh","Corbett","Fremantle","1996-04-23",371000,329000,"FWD","FWD",375,5,176,35.2,63,19,133,0.08,0,0.6
1011755,"Harrison","Jones","Essendon","2001-02-25",371000,373000,"FWD","FWD",333,5,214,42.8,56,35,669,0.4,0,1
1008510,"Corey","Durdin","Carlton","2002-04-14",370000,397000,"FWD","FWD",291,11,544,49.5,61,37,470,0.28,0,1
280804,"Phil","Davis","GWS Giants","1990-08-30",369000,369000,"DEF","DEF",428,0,0,0,0,0,215,0.13,0,1.3
1006576,"Luke","Edwards","West Coast Eagles","2002-01-12",369000,412000,"MID/FWD","MID",305,14,660,47.1,80,12,856,0.52,0,2.2
1018335,"Brayden","Cook","Adelaide Crows","2002-07-18",369000,382000,"MID","MID",195,1,63,63,63,63,277,0.17,0,1.3
291753,"Sam","Day","Gold Coast Suns","1992-09-06",367000,350000,"FWD","FWD",376,3,105,35,69,9,151,0.09,0,0.9
294654,"James","Stewart","Essendon","1994-03-04",367000,367000,"DEF","DEF",428,0,0,0,0,0,119,0.07,0,0.4
997206,"Andrew","McPherson","Adelaide Crows","1999-06-20",367000,367000,"DEF","DEF",428,0,0,0,0,0,62,0.04,0,0.5
1008893,"Harrison","Petty","Melbourne","1999-11-12",367000,452000,"DEF/FWD","DEF",272,14,725,51.8,117,11,1002,0.61,0,3.4
1012852,"Charlie","Lazzaro","North Melbourne","2002-03-25",367000,291000,"FWD","FWD",383,6,200,33.3,88,2,98,0.06,0,1.1
1009226,"Thomson","Dow","Richmond","2001-10-16",366000,406000,"MID","MID",250,4,220,55,73,22,608,0.37,0,2.1
1011981,"Josh","Worrell","Adelaide Crows","2001-04-11",363000,466000,"DEF","DEF",222,12,709,59.1,81,33,2103,1.27,0,9.3
1009551,"Maurice","Rioli","Richmond","2002-09-01",362000,249000,"FWD","FWD",393,10,297,29.7,57,15,2466,1.49,0,1.3
1004819,"Jed","McEntee","Port Adelaide","2001-02-15",360000,319000,"FWD","FWD",340,20,826,41.3,62,18,920,0.56,0,0.9
1006135,"Xavier","O'Halloran","GWS Giants","2000-07-11",360000,501000,"MID/FWD","MID",209,12,731,60.9,90,31,1381,0.84,0,9.6
1017059,"Josh","Gibcus","Richmond","2003-04-04",359000,359000,"DEF","DEF",428,0,0,0,0,0,321,0.19,0,2.2
1002938,"Josh","Honey","Carlton","2001-10-17",358000,324000,"FWD","FWD",368,6,219,36.5,51,25,208,0.13,0,0.8
1004385,"Oscar","Allen","West Coast Eagles","1999-03-19",358000,543000,"FWD","FWD",189,23,1474,64.1,106,27,7717,4.67,246,23.5
1008139,"Toby","Bedford","GWS Giants","2000-05-27",358000,572000,"FWD","FWD",190,16,1019,63.7,92,29,503,0.3,0,6.8
1008198,"Tom","McCartin","Sydney Swans","1999-12-30",358000,382000,"DEF","DEF",314,14,640,45.7,72,10,1565,0.95,0,1.4
1008691,"Leek","Aleer","GWS Giants","2001-08-21",358000,358000,"DEF","DEF",428,0,0,0,0,0,429,0.26,0,1.7
270325,"Robbie","Tarrant","Richmond","1989-04-25",357000,357000,"DEF","DEF",428,0,0,0,0,0,308,0.19,0,0.9
291548,"Ryan","Lester","Brisbane Lions","1992-08-26",357000,573000,"DEF","DEF",194,16,1010,63.1,105,41,725,0.44,0,8.7
1008478,"Rhyan","Mansell","Richmond","2000-06-04",357000,330000,"DEF/FWD","DEF",341,17,701,41.2,75,3,1243,0.75,0,1
1017124,"Ned","Long","Hawthorn","2003-02-05",356000,361000,"MID","MID",338,4,167,41.8,63,15,650,0.39,0,1.4
1002795,"Jordan","Boyd","Carlton","1998-09-22",355000,408000,"DEF","DEF",299,8,388,48.5,58,41,270,0.16,0,0.6
1017700,"Jesse","Motlop","Carlton","2003-11-23",354000,423000,"FWD","FWD",289,18,895,49.7,80,26,2015,1.22,0,2
998180,"Bailey","Banfield","Fremantle","1998-02-26",352000,385000,"FWD","FWD",304,14,665,47.5,89,9,671,0.41,0,1.3
1017396,"Mac","Andrew","Gold Coast Suns","2003-12-04",352000,427000,"DEF","DEF",296,17,831,48.9,77,13,900,0.54,0,4
290314,"Lachlan","Keeffe","GWS Giants","1990-04-14",350000,249000,"DEF","DEF",387,11,355,32.3,58,8,428,0.26,0,0.6
993820,"Tom","Cole","West Coast Eagles","1997-05-28",349000,571000,"DEF","DEF",180,12,791,65.9,97,23,1041,0.63,0,9.3
1011243,"Callum","Jamieson","West Coast Eagles","2000-07-31",345000,325000,"RUC","RUC",348,4,161,40.3,64,21,3639,2.2,0,2.8
990816,"Aaron","Francis","Sydney Swans","1997-08-10",344000,375000,"DEF/FWD","DEF/FWD",323,14,623,44.5,75,26,1200,0.73,0,1.4
294472,"Rory","Atkins","Gold Coast Suns","1994-07-12",342000,645000,"DEF/MID","DEF/MID",122,17,1270,74.7,122,30,10036,6.07,0,52.3
1008159,"Will","Hamill","Adelaide Crows","2000-11-17",342000,342000,"DEF","DEF",428,0,0,0,0,0,142,0.09,0,0.5
1005988,"Liam","Henry","Fremantle","2001-08-28",339000,688000,"MID/FWD","MID/FWD",107,16,1228,76.8,118,44,9146,5.53,0,57.1
1006533,"Riley","Garcia","Western Bulldogs","2001-01-30",339000,340000,"FWD","FWD",365,3,111,37,57,25,179,0.11,0,0.4
1012833,"Eddie","Ford","North Melbourne","2002-06-21",339000,476000,"FWD","FWD",234,14,807,57.6,91,23,976,0.59,0,4.8
1020594,"Jye","Amiss","Fremantle","2003-07-31",336000,402000,"FWD","FWD",302,22,1053,47.9,78,12,2036,1.23,0,3.8
294092,"Anthony","McDonald-Tipungwuti","Essendon","1993-04-22",335000,309000,"FWD","FWD",378,7,241,34.4,61,14,2134,1.29,0,1.4
1006087,"Caleb","Graham","Gold Coast Suns","2000-09-12",335000,335000,"DEF","DEF",428,0,0,0,0,0,76,0.05,0,0.5
1002220,"Esava","Ratugolea","Geelong Cats","1998-07-24",332000,318000,"RUC/FWD","RUC/FWD",346,16,648,40.5,82,11,10780,6.52,0,8.9
1002242,"Charlie","Constable","Gold Coast Suns","1999-05-18",332000,422000,"DEF/MID","DEF/MID",75,2,168,84,87,81,26644,16.12,255,20.1
1009383,"Trey","Ruscoe","Collingwood","2001-11-03",331000,345000,"DEF","DEF",231,1,58,58,58,58,602,0.36,0,0.6
1004940,"Sam","Simpson","Geelong Cats","1998-06-14",329000,342000,"MID/FWD","MID/FWD",352,6,238,39.7,72,4,1587,0.96,0,1.6
993797,"Tom","Wilson","Collingwood","1997-06-24",326000,314000,"DEF/FWD","DEF/FWD",409,1,22,22,22,22,312,0.19,0,0.4
1005150,"Emerson","Jeka","Hawthorn","2001-09-18",322000,322000,"DEF/FWD","DEF/FWD",428,0,0,0,0,0,192,0.12,0,0.5
281078,"Liam","Jones","Western Bulldogs","1991-02-24",321000,355000,"DEF","DEF",334,18,766,42.6,69,0,8636,5.22,0,2.6
1004995,"Jordon","Butts","Adelaide Crows","1999-12-31",320000,263000,"DEF","DEF",382,17,568,33.4,63,6,1891,1.14,0,0.9
1002251,"Brent","Daniels","GWS Giants","1999-03-09",318000,580000,"FWD","FWD",152,17,1193,70.2,112,39,830,0.5,0,21.5
1006144,"Ben","King","Gold Coast Suns","2000-07-07",316000,338000,"FWD","FWD",315,20,911,45.6,87,3,4322,2.61,0,4.1
997254,"Nathan","Kreuger","Collingwood","1999-06-25",315000,263000,"FWD","FWD",424,2,20,10,11,9,228,0.14,0,0.6
1020968,"Jackson","Archer","North Melbourne","2003-01-09",313000,287000,"DEF","DEF",386,5,164,32.8,52,17,515,0.31,0,0.6
1010708,"Sam","Butler","Hawthorn","2003-02-10",311000,380000,"FWD","FWD",308,8,373,46.6,81,18,494,0.3,0,1.3
1012819,"Josh","Treacy","Fremantle","2002-08-04",310000,479000,"FWD","FWD",269,17,889,52.3,88,13,1096,0.66,0,1.5
1009291,"Isiah","Winder","West Coast Eagles","2002-05-16",309000,309000,"FWD","FWD",428,0,0,0,0,0,111,0.07,0,0.4
1009708,"Jack","Buckley","GWS Giants","1997-12-17",309000,451000,"DEF","DEF",237,23,1315,57.2,84,24,2681,1.62,0,6.3
993795,"David","Cuningham","Carlton","1997-03-30",307000,478000,"MID/FWD","MID/FWD",220,10,593,59.3,75,34,2664,1.61,0,5.9
1015748,"Aiden","Begg","Collingwood","2002-10-08",306000,306000,"RUC/FWD","RUC/FWD",428,0,0,0,0,0,1107,0.67,0,1
1002922,"Jack","Bytel","St Kilda","2000-03-14",305000,273000,"MID","MID",379,6,204,34,83,14,2037,1.23,0,3.6
1013260,"Carter","Michael","Brisbane Lions","2002-05-22",304000,304000,"DEF","DEF",428,0,0,0,0,0,138,0.08,0,0.4
1021103,"Mitch","Knevitt","Geelong Cats","2003-01-08",303000,436000,"MID","MID",277,8,410,51.3,91,15,853,0.52,0,2.9
991939,"Zaine","Cordy","St Kilda","1996-10-27",301000,349000,"DEF/FWD","DEF",354,13,509,39.2,82,12,2950,1.78,0,0.7
1019038,"Aaron","Cadman","GWS Giants","2004-03-03",3e+05,200000,"FWD","FWD",406,12,294,24.5,37,7,5710,3.45,213,5.4
298302,"Caleb","Marchbank","Carlton","1996-12-07",298000,412000,"DEF","DEF",243,5,280,56,74,39,1852,1.12,0,3.8
1003546,"Joel","Smith","Melbourne","1996-02-25",298000,287000,"DEF","DEF",377,12,418,34.8,65,0,2010,1.22,0,0.6
1008230,"Nick","Murray","Adelaide Crows","2000-12-18",298000,320000,"DEF","DEF",351,17,679,39.9,64,5,1986,1.2,0,0.8
1023517,"Will","Ashcroft","Brisbane Lions","2004-05-06",298000,722000,"MID","MID",79,18,1492,82.9,127,46,44703,27.04,101,39.3
1013093,"Denver","Grainger-Barras","Hawthorn","2002-04-17",297000,228000,"DEF","DEF",401,7,181,25.9,48,0,1361,0.82,0,1
1017043,"Judson","Clarke","Richmond","2003-10-17",296000,300000,"FWD","FWD",352,13,516,39.7,90,15,2058,1.24,0,1.6
1023518,"Harry","Sheezel","North Melbourne","2004-10-13",296000,811000,"FWD/DEF","FWD",33,23,2239,97.3,129,47,90580,54.79,172,94.4
1013978,"James","Madden","Brisbane Lions","1999-11-15",295000,258000,"DEF","DEF",416,2,36,18,28,8,327,0.2,0,0.4
1023477,"George","Wardlaw","North Melbourne","2004-06-11",294000,501000,"MID","MID",184,8,520,65,97,31,8502,5.14,220,21.2
996743,"Lewis","Melican","Sydney Swans","1996-11-04",293000,347000,"DEF","DEF",344,7,286,40.9,58,18,1174,0.71,0,0.5
1013532,"Tom","Fullarton","Brisbane Lions","1999-02-23",292000,292000,"FWD","FWD",428,0,0,0,0,0,355,0.21,0,0.3
1021108,"James","Tunstill","Brisbane Lions","2003-07-18",292000,259000,"MID","MID",420,2,32,16,19,13,3091,1.87,0,0.8
1023785,"Elijah","Tsatas","Essendon","2004-10-18",292000,424000,"MID","MID",187,4,257,64.3,86,43,9912,6,194,21.4
1012828,"Finlay","Macrae","Collingwood","2002-03-13",290000,297000,"MID/FWD","MID/FWD",306,1,47,47,47,47,1648,1,0,4.3
1023500,"Bailey","Humphrey","Gold Coast Suns","2004-09-11",290000,383000,"MID/FWD","MID/FWD",277,19,975,51.3,94,0,8139,4.92,240,15.3
1007238,"Jake","Stein","Gold Coast Suns","1994-01-17",288000,288000,"DEF","DEF",428,0,0,0,0,0,171,0.1,0,0.3
1023482,"Cam","Mackenzie","Hawthorn","2004-01-21",288000,352000,"MID/FWD","MID",298,14,681,48.6,94,12,27489,16.63,248,13.4
1006100,"Thomas","Berry","Gold Coast Suns","2000-05-01",286000,289000,"FWD","FWD",385,6,198,33,50,3,1122,0.68,0,0.7
1023537,"Jhye","Clark","Geelong Cats","2004-07-23",286000,287000,"MID","MID",370,1,36,36,36,36,1486,0.9,265,7.2
993940,"Corey","Wagner","Fremantle","1997-03-23",285000,599000,"DEF/MID","DEF/MID",134,9,655,72.8,104,47,8636,5.22,0,30.9
1023025,"Reuben","Ginbey","West Coast Eagles","2004-09-10",284000,445000,"DEF/MID","DEF/MID",232,17,985,57.9,96,15,46009,27.83,198,21.7
1013201,"Jye","Menzie","Essendon","2002-10-28",283000,362000,"FWD","FWD",328,21,920,43.8,74,9,2279,1.38,0,1.9
1020137,"Mattaes","Phillipou","St Kilda","2004-12-27",282000,439000,"MID/FWD","MID/FWD",270,23,1201,52.2,73,26,42490,25.7,179,16.1
1009320,"Hewago Paul","Oea","Gold Coast Suns","2001-11-13",280000,322000,"FWD","FWD",360,8,308,38.5,56,17,566,0.34,0,0.6
1013278,"Reef","McInnes","Collingwood","2002-12-12",280000,209000,"FWD","FWD",411,5,103,20.6,36,12,1441,0.87,0,1
1023495,"Oliver","Hollands","Carlton","2004-01-16",280000,476000,"MID","MID",229,17,989,58.2,87,32,9975,6.03,0,11.5
1015822,"Dominic","Bedendo","Western Bulldogs","2002-07-09",279000,279000,"MID","MID",428,0,0,0,0,0,466,0.28,0,0.3
1023708,"Jaspa","Fletcher","Brisbane Lions","2004-02-24",278000,375000,"MID","MID",286,11,553,50.3,77,24,5167,3.13,0,9.1
1023017,"Jedd","Busslinger","Western Bulldogs","2004-03-11",276000,276000,"DEF","DEF",0,0,0,0,0,0,620,0.38,0,1.5
1017255,"Francis","Evans","Port Adelaide","2001-08-23",274000,356000,"FWD","FWD",355,10,390,39,75,8,833,0.5,0,0.6
1020670,"Elijah","Hewett","West Coast Eagles","2004-05-27",274000,456000,"MID","MID",311,14,648,46.3,73,4,12874,7.79,0,8
1023486,"Matthew","Jefferson","Melbourne","2004-03-08",272000,272000,"FWD","FWD",0,0,0,0,0,0,132,0.08,0,0.6
1011839,"James","Blanck","Hawthorn","2000-11-20",271000,200000,"DEF","DEF",407,15,365,24.3,47,2,10094,6.11,0,0.7
1009228,"Leo","Connolly","St Kilda","2001-08-07",270000,270000,"DEF","DEF",428,0,0,0,0,0,189,0.11,0,0.3
1012829,"Will","Phillips","North Melbourne","2002-05-22",270000,606000,"MID/FWD","MID",173,16,1069,66.8,94,22,14522,8.78,231,23.2
1021122,"Harry","Rowston","GWS Giants","2004-08-12",270000,258000,"MID","MID",394,7,206,29.4,56,15,2080,1.26,0,2.9
1015370,"Max","Michalanney","Adelaide Crows","2004-02-26",268000,444000,"DEF","DEF",268,22,1152,52.4,68,22,5757,3.48,0,4.7
1004894,"Aiden","Bonar","North Melbourne","1999-03-08",267000,297000,"DEF","DEF",331,2,86,43,58,28,2747,1.66,0,0.6
1013511,"Tyler","Brockman","Hawthorn","2002-11-22",266000,451000,"FWD","FWD",275,15,772,51.5,81,13,1386,0.84,0,2
1027935,"Josh","Weddle","Hawthorn","2004-05-25",266000,549000,"DEF","DEF",186,17,1096,64.5,102,46,6640,4.02,327,13.3
1022915,"Edward","Allan","Collingwood","2004-05-26",264000,264000,"MID","MID",0,0,0,0,0,0,592,0.36,0,3.3
1023530,"Jacob","Konstanty","Sydney Swans","2004-11-09",262000,262000,"FWD","FWD",0,0,0,0,0,0,191,0.12,0,0.9
1020650,"Darcy","Jones","GWS Giants","2004-04-03",260000,260000,"MID","MID",0,0,0,0,0,0,316,0.19,0,2.7
1015781,"Charlie","Comben","North Melbourne","2001-07-20",259000,340000,"FWD","FWD",342,7,288,41.1,80,6,1693,1.02,0,1.3
1027921,"Max","Gruzewski","GWS Giants","2004-07-21",258000,258000,"DEF","DEF",0,0,0,0,0,0,185,0.11,0,0.7
1020057,"Harry","Barnett","West Coast Eagles","2004-01-22",256000,241000,"RUC","RUC",425,1,9,9,9,9,1990,1.2,0,3.1
1008975,"Kaine","Baldwin","Essendon","2002-05-30",254000,330000,"FWD","FWD",337,4,168,42,64,0,1396,0.84,0,1.4
1023787,"Charlie","Clarke","Western Bulldogs","2004-01-04",254000,254000,"FWD","FWD",0,0,0,0,0,0,136,0.08,0,0.7
1015862,"Conor","Stone","GWS Giants","2002-04-22",252000,218000,"FWD","FWD",417,3,53,17.7,26,12,657,0.4,0,0.8
1023487,"Lewis","Hayes","Essendon","2004-12-17",252000,252000,"DEF","DEF",0,0,0,0,0,0,303,0.18,0,0.4
1023544,"Brayden","George","North Melbourne","2004-01-13",250000,250000,"FWD","FWD",0,0,0,0,0,0,176,0.11,0,2.3
1023498,"Cooper","Vickery","Sydney Swans","2004-12-16",248000,248000,"DEF","DEF",0,0,0,0,0,0,227,0.14,0,0.5
1011449,"Zane","Trew","West Coast Eagles","2002-04-26",246000,252000,"MID/FWD","MID/FWD",391,4,122,30.5,37,24,1753,1.06,0,0.5
1020104,"Jakob","Ryan","Collingwood","2004-09-20",246000,238000,"DEF","DEF",414,1,19,19,19,19,1199,0.73,0,2.4
1023502,"Coby","Burgiel","West Coast Eagles","2004-09-09",244000,244000,"MID/FWD","MID/FWD",0,0,0,0,0,0,315,0.19,0,1.5
1021353,"Lachie","Cowan","Carlton","2004-12-01",242000,331000,"DEF","DEF",345,7,284,40.6,48,35,12954,7.84,0,4.5
1023547,"James","Van Es","St Kilda","2004-08-07",240000,240000,"DEF","DEF",0,0,0,0,0,0,235,0.14,0,0.3
1023533,"Jaxon","Binns","Carlton","2004-10-29",238000,238000,"MID/FWD","MID/FWD",0,0,0,0,0,0,1717,1.04,0,6.1
1022927,"Hugh","Davies","Fremantle","2004-09-28",236000,236000,"DEF","DEF",0,0,0,0,0,0,256,0.15,0,0.5
298450,"Connor","Blakely","Gold Coast Suns","1996-03-02",235000,235000,"MID","MID",428,0,0,0,0,0,3988,2.41,0,0.6
1027971,"Toby","McMullin","GWS Giants","2004-08-06",234000,237000,"FWD","FWD",403,3,77,25.7,43,8,485,0.29,0,0.3
1017078,"Josh","Sinn","Port Adelaide","2003-01-07",233000,211000,"MID/FWD","MID/FWD",413,3,59,19.7,24,14,13289,8.04,0,4.9
1017091,"Jai","Serong","Hawthorn","2003-02-16",232000,260000,"FWD","FWD",306,2,94,47,61,33,1113,0.67,0,0.9
1027959,"Olli","Hotton","St Kilda","2004-09-06",232000,232000,"MID/FWD","MID/FWD",0,0,0,0,0,0,392,0.24,0,1.1
1008537,"Josh","Morris","Hawthorn","2001-11-07",230000,230000,"DEF","DEF",428,0,0,0,0,0,623,0.38,0,0.3
1021296,"Tom","McCallum","Port Adelaide","2004-09-15",230000,230000,"DEF","DEF",0,0,0,0,0,0,212,0.13,0,0.6
1023174,"Jed","Adams","Melbourne","2004-05-14",228000,228000,"DEF","DEF",0,0,0,0,0,0,170,0.1,0,0.2
1023680,"Henry","Hustwaite","Hawthorn","2004-07-20",228000,298000,"MID","MID",197,2,125,62.5,74,51,2156,1.3,0,4.9
1007099,"Harry","Sharp","Brisbane Lions","2002-12-17",225000,332000,"MID","MID",220,3,178,59.3,70,52,5206,3.15,0,1.9
1017087,"Harvey","Gallagher","Western Bulldogs","2003-09-26",224000,224000,"DEF/FWD","DEF/FWD",0,0,0,0,0,0,594,0.36,0,1.6
1024096,"Caleb","Mitchell","Sydney Swans","2004-08-10",222000,222000,"DEF/MID","DEF/MID",0,0,0,0,0,0,877,0.53,0,0.8
1020695,"Tom","Emmett","Fremantle","2001-11-30",220000,297000,"FWD","FWD",143,2,143,71.5,84,59,1488,0.9,0,1.1
1027701,"Max","Knobel","Fremantle","2004-06-27",218000,218000,"RUC","RUC",0,0,0,0,0,0,1643,0.99,0,0.8
1015329,"Billy","Dowling","Adelaide Crows","2004-07-01",216000,216000,"MID","MID",0,0,0,0,0,0,632,0.38,0,2.2
1016433,"Shannon","Neale","Geelong Cats","2002-07-25",215000,290000,"FWD","FWD",301,3,144,48,67,32,3774,2.28,0,2.6
1015323,"Isaac","Keeler","St Kilda","2004-04-23",214000,214000,"RUC/FWD","RUC/FWD",0,0,0,0,0,0,2601,1.57,0,1
295222,"Joel","Hamling","Fremantle","1993-04-09",213000,281000,"DEF","DEF",328,4,175,43.8,63,26,4509,2.73,0,0.5
297767,"Sam","Durdin","Carlton","1996-06-06",213000,213000,"DEF","DEF",428,0,0,0,0,0,1122,0.68,0,0.3
1012218,"Luke","Pedlar","Adelaide Crows","2002-05-17",213000,472000,"FWD","FWD",229,21,1223,58.2,80,38,17848,10.8,0,9.8
1017933,"Alwyn","Davey","Essendon","2004-02-26",212000,266000,"MID/FWD","MID/FWD",372,10,358,35.8,58,9,39335,23.79,0,3.6
1023531,"Jack","O'Sullivan","Hawthorn","2004-10-22",210000,210000,"FWD","FWD",0,0,0,0,0,0,392,0.24,0,0.2
1014026,"Kai","Lohmann","Brisbane Lions","2003-05-06",209000,250000,"FWD","FWD",387,6,194,32.3,63,5,16140,9.76,0,1.1
1020072,"Harry","Lemmey","Carlton","2004-01-30",208000,208000,"FWD","FWD",0,0,0,0,0,0,302,0.18,0,0.5
1008239,"Joe","Richards","Collingwood","1999-11-23",206000,206000,"MID/FWD","MID/FWD",0,0,0,0,0,0,2777,1.68,0,0.5
1022999,"Kaleb","Smith","Richmond","2004-11-20",204000,204000,"DEF","DEF",0,0,0,0,0,0,868,0.53,0,0.4
1011647,"Phoenix","Spicer","North Melbourne","2002-01-30",203000,283000,"FWD","FWD",372,6,215,35.8,59,5,3507,2.12,0,0.4
1023534,"Hugh","Bond","Adelaide Crows","2004-09-25",202000,202000,"MID","MID",0,0,0,0,0,0,1482,0.9,0,0.6
1011929,"Sam","Philp","Carlton","2001-08-04",201000,201000,"FWD","FWD",428,0,0,0,0,0,367,0.22,0,1.2
296280,"James","Tsitas","Gold Coast Suns","1995-03-03",2e+05,200000,"MID/FWD","MID/FWD",402,4,103,25.8,46,6,21676,13.11,0,0.9
1004069,"Rhett","Montgomerie","Essendon","2000-06-10",2e+05,200000,"DEF","DEF",0,0,0,0,0,0,7096,4.29,0,0.3
1004113,"Will","Gould","Sydney Swans","2001-01-14",2e+05,219000,"DEF","DEF",397,4,112,28,35,20,11379,6.88,0,1
1005330,"Kade","Chandler","Melbourne","2000-01-13",2e+05,445000,"FWD","FWD",223,21,1239,59,106,32,16970,10.26,0,14.3
1006193,"Bigoa","Nyuon","Richmond","2001-05-18",2e+05,200000,"DEF","DEF",428,0,0,0,0,0,4059,2.46,0,0.6
1006303,"Fergus","Greene","Hawthorn","1997-12-20",2e+05,345000,"FWD","FWD",331,11,473,43,75,6,29149,17.63,0,2
1008285,"Will","Kelly","Collingwood","2000-08-16",2e+05,208000,"DEF","DEF",395,2,58,29,34,24,4316,2.61,0,0.4
1009029,"James","Borlase","Adelaide Crows","2002-07-18",2e+05,275000,"DEF","DEF",355,4,156,39,90,8,13499,8.16,0,11.3
1009195,"Dylan","Williams","Port Adelaide","2001-07-01",2e+05,480000,"FWD/DEF","FWD",215,20,1199,60,92,11,3076,1.86,0,10.7
1009197,"Charlie","Dean","Collingwood","2001-06-19",2e+05,200000,"DEF","DEF",0,0,0,0,0,0,1670,1.01,0,0.3
1009201,"Fischer","McAsey","Adelaide Crows","2001-03-08",2e+05,200000,"DEF/FWD","DEF/FWD",428,0,0,0,0,0,2908,1.76,0,0.6
1009288,"Deakyn","Smith","Melbourne","2002-08-22",2e+05,200000,"DEF","DEF",0,0,0,0,0,0,838,0.51,0,0.2
1009389,"Jake","Pasini","Port Adelaide","2001-02-06",2e+05,200000,"DEF","DEF",0,0,0,0,0,0,800,0.48,0,0.6
1011633,"James","Willis","Geelong Cats","2003-07-10",2e+05,200000,"MID/FWD","MID/FWD",0,0,0,0,0,0,5243,3.17,0,0.4
1011637,"Arlo","Draper","Collingwood","2003-01-30",2e+05,200000,"DEF","DEF",0,0,0,0,0,0,1019,0.62,0,0.6
1011718,"Cooper","Murley","Collingwood","2003-06-20",2e+05,200000,"MID/FWD","MID/FWD",0,0,0,0,0,0,4740,2.87,0,0.3
1012048,"Sebit","Kuek","Fremantle","2000-11-11",2e+05,200000,"FWD","FWD",0,0,0,0,0,0,1393,0.84,0,1
1012210,"Matt","Roberts","Sydney Swans","2003-07-31",2e+05,243000,"MID/FWD","MID",389,6,185,30.8,64,11,39204,23.71,0,3.5
1012386,"Samson","Ryan","Richmond","2000-12-09",2e+05,366000,"RUC/FWD","RUC/FWD",308,14,653,46.6,73,15,44897,27.16,0,6.9
1012521,"Tex","Wanganeen","Essendon","2003-10-10",2e+05,200000,"FWD","FWD",428,0,0,0,0,0,2468,1.49,0,0.3
1012826,"Bailey","Laurie","Melbourne","2002-03-24",2e+05,200000,"MID/FWD","MID/FWD",406,4,98,24.5,39,12,20472,12.38,0,0.8
1012863,"Cameron","Fleeton","GWS Giants","2002-06-17",2e+05,220000,"DEF","DEF",370,2,72,36,41,31,5433,3.29,0,0.5
1012879,"Cody","Raak","Western Bulldogs","2002-10-08",2e+05,200000,"DEF/FWD","DEF/FWD",0,0,0,0,0,0,722,0.44,0,0.2
1012881,"Ollie","Lord","Port Adelaide","2002-01-02",2e+05,269000,"DEF/FWD","DEF/FWD",376,11,385,35,60,19,6290,3.8,0,0.9
1013138,"Marc","Sheather","Sydney Swans","2002-06-11",2e+05,200000,"DEF/FWD","DEF/FWD",415,3,55,18.3,25,9,2339,1.41,0,0.4
1013165,"Andy","Moniz-Wakefield","Melbourne","2003-10-26",2e+05,200000,"FWD","FWD",0,0,0,0,0,0,284,0.17,0,0.2
1013197,"Sam","Banks","Richmond","2003-04-02",2e+05,379000,"DEF/MID","DEF/MID",273,6,310,51.7,74,36,11214,6.78,0,2.5
1013256,"Blake","Coleman","Brisbane Lions","2002-08-06",2e+05,200000,"FWD","FWD",0,0,0,0,0,0,912,0.55,0,0.2
1013315,"Sandy","Brock","Gold Coast Suns","2002-12-14",2e+05,200000,"DEF","DEF",0,0,0,0,0,0,311,0.19,0,0.2
1013611,"Sam","Sturt","Fremantle","2000-05-12",2e+05,393000,"FWD","FWD",332,14,601,42.9,72,15,6568,3.97,0,1.4
1015294,"Nathan","Barkla","Port Adelaide","2004-03-30",2e+05,200000,"MID","MID",0,0,0,0,0,0,1046,0.63,0,0.7
1015330,"Hugh","Jackson","Port Adelaide","2003-05-03",2e+05,200000,"MID/FWD","MID/FWD",0,0,0,0,0,0,2361,1.43,0,1
1015332,"Harvey","Harrison","Collingwood","2003-11-10",2e+05,291000,"FWD","FWD",353,4,158,39.5,54,4,11202,6.78,0,0.7
1015369,"Alastair","Lord","Essendon","2003-11-26",2e+05,200000,"DEF","DEF",0,0,0,0,0,0,639,0.39,0,0.2
1015457,"Jaiden","Magor","Sydney Swans","2004-02-16",2e+05,200000,"MID/FWD","MID/FWD",0,0,0,0,0,0,813,0.49,0,0.5
1015473,"Will","Verrall","Melbourne","2004-03-11",2e+05,200000,"RUC","RUC",0,0,0,0,0,0,3866,2.34,0,0.5
1015515,"Oscar","Adams","St Kilda","2003-07-23",2e+05,200000,"DEF","DEF",0,0,0,0,0,0,706,0.43,0,0.1
1015714,"Matthew","Allison","St Kilda","2002-01-29",2e+05,200000,"DEF/FWD","DEF/FWD",0,0,0,0,0,0,981,0.59,0,0.5
1015777,"Ryan","Angwin","GWS Giants","2002-12-12",2e+05,332000,"MID/FWD","MID/FWD",356,15,584,38.9,65,2,10099,6.11,0,1.9
1015830,"Domanic","Akuei","Carlton","2002-05-12",2e+05,200000,"DEF/RUC","DEF/RUC",0,0,0,0,0,0,6813,4.12,0,2.2
1015886,"Max","Heath","St Kilda","2002-10-24",2e+05,200000,"RUC/FWD","RUC/FWD",0,0,0,0,0,0,12994,7.86,0,1
1015895,"Jacob","Edwards","North Melbourne","2002-11-22",2e+05,200000,"RUC/FWD","RUC/FWD",0,0,0,0,0,0,7313,4.42,0,0.8
1016082,"Tariek","Newchurch","Adelaide Crows","2002-07-21",2e+05,200000,"FWD","FWD",0,0,0,0,0,0,494,0.3,0,0.3
1016140,"Wade","Derksen","GWS Giants","2001-06-01",2e+05,200000,"FWD","FWD",0,0,0,0,0,0,246,0.15,0,0.7
1016189,"Henry","Smith","Brisbane Lions","2002-09-24",2e+05,200000,"RUC/FWD","RUC/FWD",0,0,0,0,0,0,1306,0.79,0,0.5
1016825,"Matthew","Johnson","Fremantle","2003-03-16",2e+05,503000,"MID","MID",240,18,1021,56.7,111,12,27419,16.58,0,14
1017057,"Campbell","Chesser","West Coast Eagles","2003-04-27",2e+05,363000,"DEF/MID","DEF/MID",335,14,595,42.5,66,23,65648,39.71,270,6.7
1017063,"Toby","Conway","Geelong Cats","2003-04-24",2e+05,216000,"RUC","RUC",301,1,48,48,48,48,2100,1.27,0,3.6
1017065,"Zac","Taylor","Adelaide Crows","2003-01-31",2e+05,200000,"MID","MID",0,0,0,0,0,0,952,0.58,0,0.9
1017067,"Darcy","Wilmot","Brisbane Lions","2003-12-31",2e+05,556000,"DEF/MID","DEF",211,23,1396,60.7,90,22,38070,23.03,258,15.5
1017077,"Angus","McLennan","St Kilda","2003-09-02",2e+05,200000,"DEF","DEF",0,0,0,0,0,0,231,0.14,0,0.1
1017086,"Tom","Brown","Richmond","2003-07-30",2e+05,226000,"DEF","DEF",201,1,62,62,62,62,969,0.59,0,0.7
1017089,"Oskar","Faulkhead","Gold Coast Suns","2003-02-11",2e+05,200000,"MID/FWD","MID/FWD",0,0,0,0,0,0,914,0.55,0,0.4
1017095,"Miller","Bergman","North Melbourne","2003-01-25",2e+05,340000,"DEF","DEF",320,12,539,44.9,68,10,13796,8.34,0,1.4
1017115,"Lachlan","Rankin","Sydney Swans","2003-02-05",2e+05,200000,"DEF","DEF",0,0,0,0,0,0,441,0.27,0,0.2
1017122,"Blake","Howes","Melbourne","2003-04-07",2e+05,200000,"MID/FWD","MID/FWD",0,0,0,0,0,0,1240,0.75,0,0.8
1017128,"Dante","Visentini","Port Adelaide","2003-02-13",2e+05,237000,"RUC/FWD","RUC/FWD",352,3,119,39.7,55,9,14828,8.97,0,4.3
1017665,"Bodhi","Uwland","Gold Coast Suns","2003-07-25",2e+05,247000,"DEF/MID","DEF/MID",390,3,92,30.7,68,-3,18219,11.02,0,1
1017703,"Judd","McVee","Melbourne","2003-08-07",2e+05,384000,"DEF/MID","DEF/MID",312,23,1061,46.1,75,26,32417,19.61,0,3.2
1017720,"Jacob","van Rooyen","Melbourne","2003-04-16",2e+05,450000,"FWD","FWD",274,19,981,51.6,77,28,9513,5.75,0,5.4
1017751,"Josh","Fahey","GWS Giants","2003-11-11",2e+05,268000,"DEF/MID","DEF/MID",380,7,236,33.7,64,6,29611,17.91,0,4.4
1017754,"Patrick","Voss","Essendon","2003-06-29",2e+05,200000,"FWD","FWD",0,0,0,0,0,0,788,0.48,0,0.3
1017757,"William","Edwards","Sydney Swans","2003-05-08",2e+05,200000,"DEF","DEF",0,0,0,0,0,0,361,0.22,0,0.2
1017932,"Jack","Peris","St Kilda","2003-12-17",2e+05,223000,"MID/FWD","MID/FWD",238,1,57,57,57,57,31066,18.79,0,1.2
1017961,"Jayden","Davey","Essendon","2004-02-26",2e+05,200000,"FWD","FWD",0,0,0,0,0,0,545,0.33,0,0.4
1017970,"Conrad","Williams","Fremantle","2004-11-30",2e+05,200000,"MID","MID",0,0,0,0,0,0,737,0.45,0,0.5
1018016,"Seamus","Mitchell","Hawthorn","2002-07-03",2e+05,497000,"DEF/FWD","DEF/FWD",196,14,881,62.9,95,22,7098,4.29,0,18.2
1018020,"Flynn","Kroeger","Geelong Cats","2003-07-23",2e+05,200000,"MID","MID",0,0,0,0,0,0,465,0.28,0,0.3
1018106,"Joshua","Bennetts","Hawthorn","2004-08-09",2e+05,200000,"MID/FWD","MID/FWD",0,0,0,0,0,0,1128,0.68,0,0.5
1018296,"Kalin","Lane","Brisbane Lions","2001-12-05",2e+05,200000,"RUC","RUC",0,0,0,0,0,0,783,0.47,0,0.3
1018424,"Corey","Warner","Sydney Swans","2003-10-07",2e+05,200000,"MID/FWD","MID/FWD",410,3,62,20.7,32,2,37455,22.65,0,1.5
1018425,"Taj","Woewodin","Melbourne","2003-03-26",2e+05,267000,"MID/FWD","MID/FWD",360,4,154,38.5,44,35,9638,5.83,0,1.5
1018433,"Tylar","Young","Richmond","1998-09-05",2e+05,343000,"DEF","DEF",366,19,701,36.9,74,10,36021,21.79,0,0.8
1018969,"Cian","McBride","Essendon","2001-04-19",2e+05,200000,"DEF/RUC","DEF/RUC",0,0,0,0,0,0,1434,0.87,0,0.4
1019945,"Phoenix","Foster","Geelong Cats","2004-09-12",2e+05,200000,"RUC/FWD","RUC/FWD",0,0,0,0,0,0,711,0.43,0,0.3
1020066,"Thomas","Scully","Port Adelaide","2004-11-02",2e+05,200000,"FWD","FWD",0,0,0,0,0,0,454,0.27,0,0.5
1020339,"Angus","Sheldrick","Sydney Swans","2003-11-07",2e+05,516000,"MID/FWD","MID/FWD",198,7,437,62.4,111,8,23454,14.19,0,14.6
1020371,"Jack","Williams","West Coast Eagles","2003-12-01",2e+05,320000,"RUC/FWD","RUC/FWD",364,10,371,37.1,62,10,14151,8.56,0,4.9
1020586,"Arthur","Jones","Western Bulldogs","2003-07-18",2e+05,261000,"FWD","FWD",380,13,438,33.7,68,10,3503,2.12,0,0.7
1020595,"Jordyn","Baker","West Coast Eagles","2004-05-10",2e+05,200000,"MID","MID",0,0,0,0,0,0,1532,0.93,0,0.4
1020627,"Hamish","Free","North Melbourne","1998-07-23",2e+05,200000,"RUC","RUC",0,0,0,0,0,0,23567,14.25,0,0.5
1020668,"Joshua","Draper","Fremantle","2004-02-08",2e+05,200000,"FWD","FWD",0,0,0,0,0,0,509,0.31,0,0.4
1020959,"Daniel","Turner","Melbourne","2002-01-28",2e+05,239000,"DEF","DEF",306,2,94,47,53,41,2137,1.29,0,0.3
1020979,"Cooper","Harvey","North Melbourne","2004-07-12",2e+05,280000,"MID/FWD","MID/FWD",321,3,134,44.7,63,23,23440,14.18,0,3.1
1021013,"Ned","Moyle","Gold Coast Suns","2002-02-15",2e+05,268000,"RUC","RUC",258,2,108,54,74,34,6154,3.72,0,4.3
1021015,"Karl","Worner","Fremantle","2002-06-16",2e+05,251000,"DEF/MID","DEF/MID",363,4,150,37.5,55,21,9848,5.96,0,1.6
1021031,"Luke","Nankervis","Adelaide Crows","2003-05-25",2e+05,368000,"MID/FWD","MID/FWD",203,4,247,61.8,67,58,17929,10.84,0,6
1021090,"Cooper","Whyte","Geelong Cats","2003-02-24",2e+05,200000,"MID/FWD","MID/FWD",427,1,6,6,6,6,2584,1.56,0,0.5
1021152,"Jacob","Bauer","Richmond","2002-06-04",2e+05,200000,"FWD","FWD",408,4,95,23.8,46,6,7481,4.52,0,0.7
1021200,"Lachlan","McAndrew","Sydney Swans","2000-05-26",2e+05,245000,"RUC/FWD","RUC/FWD",337,2,84,42,66,18,65177,39.42,0,2.5
1021276,"Kyle","Marshall","Port Adelaide","2004-04-10",2e+05,200000,"DEF","DEF",0,0,0,0,0,0,510,0.31,0,0.4
1021306,"Cameron","Owen ","Sydney Swans","2004-05-28",2e+05,200000,"RUC","RUC",0,0,0,0,0,0,509,0.31,0,0.2
1021660,"Mate","Colina","Richmond","1999-05-20",2e+05,200000,"RUC/FWD","RUC/FWD",0,0,0,0,0,0,657,0.4,0,0.5
1022889,"Eric","Benning","Fremantle","2003-06-14",2e+05,200000,"RUC","RUC",0,0,0,0,0,0,820,0.5,0,0.4
1023056,"Steely","Green","Richmond","2004-01-09",2e+05,200000,"MID","MID",0,0,0,0,0,0,1004,0.61,0,0.7
1023142,"Tyrell","Dewar","West Coast Eagles","2004-03-27",2e+05,200000,"DEF/FWD","DEF/FWD",0,0,0,0,0,0,2180,1.32,0,0.7
1023273,"Hugo","Hall-Kahan","Sydney Swans","2003-09-22",2e+05,200000,"FWD","FWD",0,0,0,0,0,0,254,0.15,0,0.3
1023275,"Seth","Campbell","Richmond","2004-12-29",2e+05,200000,"FWD","FWD",0,0,0,0,0,0,263,0.16,0,0.3
1023346,"Liam","Reidy","Fremantle","2000-06-14",2e+05,200000,"RUC","RUC",0,0,0,0,0,0,952,0.58,0,0.7
1023446,"Alex","Mirkov","Carlton","1999-11-17",2e+05,200000,"RUC","RUC",0,0,0,0,0,0,924,0.56,0,0.8
1023464,"Jason","Gillbee","GWS Giants","2004-05-15",2e+05,200000,"DEF/MID","DEF/MID",0,0,0,0,0,0,2751,1.66,0,2.8
1023475,"Blake","Drury","North Melbourne","2004-01-11",2e+05,222000,"MID/FWD","MID/FWD",399,4,105,26.3,53,13,24858,15.04,0,1.3
1023496,"Noah","Long","West Coast Eagles","2004-08-23",2e+05,421000,"MID/FWD","MID/FWD",309,19,883,46.5,71,11,36391,22.01,0,3
1023542,"Ted","Clohesy","Geelong Cats","2004-09-06",2e+05,200000,"MID","MID",416,1,18,18,18,18,1098,0.66,0,0.6
1023743,"Nicholas","Madden","GWS Giants","2004-05-17",2e+05,200000,"RUC/FWD","RUC/FWD",0,0,0,0,0,0,4631,2.8,0,2
1024666,"Lloyd","Johnston","Gold Coast Suns","2004-09-21",2e+05,231000,"DEF","DEF",326,2,88,44,55,33,4274,2.59,0,0.7
1024686,"Anthony","Munkara","Essendon","2004-10-03",2e+05,200000,"FWD","FWD",0,0,0,0,0,0,854,0.52,0,0.5
1024939,"Fionn","O'Hara","Hawthorn","2002-02-28",2e+05,200000,"DEF","DEF",0,0,0,0,0,0,528,0.32,0,0.4
1024982,"Oisin","Mullin","Geelong Cats","2000-02-11",2e+05,234000,"DEF","DEF",389,6,185,30.8,56,5,31657,19.15,0,2.3
1025034,"Oliver","Dempsey","Geelong Cats","2003-01-07",2e+05,226000,"FWD","FWD",386,5,164,32.8,84,8,5562,3.36,0,1.1
1027852,"Oscar","Murdoch","Geelong Cats","2004-09-24",2e+05,200000,"DEF","DEF",0,0,0,0,0,0,600,0.36,0,0.4
1027862,"Osca","Riccardi","Geelong Cats","2004-08-23",2e+05,200000,"DEF/FWD","DEF/FWD",0,0,0,0,0,0,1710,1.03,0,0.6
1027965,"Max","Ramsden","Hawthorn","2003-04-19",2e+05,211000,"RUC/FWD","RUC/FWD",391,2,61,30.5,33,28,7526,4.55,0,1.9
1028105,"Shadeau","Brain","Brisbane Lions","2004-02-13",2e+05,200000,"FWD","FWD",0,0,0,0,0,0,431,0.26,0,0.5
1029261,"Bailey","Macdonald","Hawthorn","2004-08-04",2e+05,252000,"DEF","DEF",267,2,105,52.5,54,51,5746,3.48,0,1
1029882,"Darryl","McDowell-White","Brisbane Lions","1997-01-14",2e+05,200000,"MID/FWD","MID/FWD",0,0,0,0,0,0,1680,1.02,0,1.1
1029973,"Oliver","Sestan","Melbourne","2004-04-15",2e+05,200000,"FWD","FWD",0,0,0,0,0,0,456,0.28,0,0.6
1030866,"Kyah","Farris-White","Melbourne","2004-01-02",2e+05,200000,"RUC","RUC",0,0,0,0,0,0,573,0.35,0,0.6
298358,"Oleg","Markov","Collingwood","1996-05-08",557000,403000,"DEF","DEF",294,20,981,49.1,78,5,700,0.42,0,3.2
999824,"Quinton","Narkle","Port Adelaide","1997-12-03",432000,423000,"MID","MID",318,3,136,45.3,53,32,110,0.07,0,1.3
1003520,"Darragh","Joyce","Brisbane Lions","1997-04-23",241000,283000,"DEF","DEF",370,5,180,36,51,22,3109,1.88,0,0.5
1008171,"Tyler","Brown","Adelaide Crows","1999-12-09",416000,389000,"MID/FWD","MID/FWD",423,1,12,12,12,12,261,0.16,0,0.8
1008312,"Liam","Stocker","St Kilda","2000-01-23",441000,549000,"DEF","DEF",149,22,1552,70.5,127,27,2383,1.44,0,31.2
1008460,"Harrison","Arnold","Sydney Swans","1999-04-08",2e+05,200000,"DEF","DEF",0,0,0,0,0,0,487,0.29,0,0.2
1008616,"Matthew","Coulthard","Richmond","2001-05-11",2e+05,235000,"FWD","FWD",383,4,133,33.3,52,13,2788,1.69,0,0.4
1008825,"Mitch","Hardie","Geelong Cats","1997-09-05",2e+05,200000,"MID","MID",0,0,0,0,0,0,553,0.33,0,0.6
1009392,"Jack","Buller","Sydney Swans","2001-05-16",2e+05,200000,"FWD","FWD",414,1,19,19,19,19,11019,6.66,0,0.5
1011589,"Caleb","Poulter","Western Bulldogs","2002-10-12",410000,468000,"MID","MID",240,9,510,56.7,79,42,576,0.35,0,3.4
1012127,"Brandon","Ryan","Hawthorn","1997-11-07",2e+05,265000,"FWD","FWD",358,3,116,38.7,59,2,3575,2.16,0,0.8
1013974,"Mark","Keane","Adelaide Crows","2000-03-17",304000,380000,"DEF","DEF",278,5,256,51.2,60,42,525,0.32,0,1.4
1016268,"Alex","Cincotta","Carlton","1996-12-17",2e+05,392000,"DEF/MID","DEF/MID",300,16,769,48.1,77,18,19359,11.71,0,8.8
1016270,"Brodie","McLaughlin","Gold Coast Suns","1997-11-20",2e+05,200000,"FWD","FWD",0,0,0,0,0,0,699,0.42,0,0.5
1020424,"Jaiden","Hunter","Essendon","2002-04-20",2e+05,200000,"FWD","FWD",0,0,0,0,0,0,65,0.04,0,0.2
1022844,"Oscar","Steene","Collingwood","2003-08-23",2e+05,200000,"RUC","RUC",0,0,0,0,0,0,1497,0.91,0,0.8
1023144,"Robert","Hansen Jr","North Melbourne","2004-03-13",2e+05,200000,"FWD","FWD",414,2,38,19,20,18,2012,1.22,0,0.3
1023274,"Kye","Turner","Melbourne","2002-02-06",2e+05,200000,"DEF","DEF",0,0,0,0,0,0,1369,0.83,0,0.7
1023489,"Hudson","OKeeffe","Carlton","2004-12-16",2e+05,200000,"RUC","RUC",0,0,0,0,0,0,1338,0.81,0,0.9
1023784,"Anthony","Caminiti","St Kilda","2003-12-09",2e+05,452000,"FWD","FWD",285,17,856,50.4,79,29,15043,9.1,0,1.9
1027837,"Clay","Tucker","Hawthorn","2004-08-09",2e+05,200000,"RUC","RUC",0,0,0,0,0,0,351,0.21,0,0.4
1029288,"Kaelan","Bradtke","Richmond","2001-05-21",2e+05,200000,"FWD","FWD",0,0,0,0,0,0,1294,0.78,0,0.8
1029416,"Ryan","Maric","West Coast Eagles","2004-09-06",2e+05,400000,"FWD","FWD",293,10,493,49.3,71,27,11949,7.23,0,1.8
1031801,"Ethan","Stanley","Fremantle","2003-11-13",2e+05,200000,"MID/FWD","MID/FWD",418,2,35,17.5,18,17,3277,1.98,0,0.6
1031829,"James","Trezise","Richmond","2002-06-15",2e+05,236000,"DEF","DEF",105,1,77,77,77,77,737,0.45,0,0.8
1032966,"James","O'Donnell","Western Bulldogs","2002-08-31",2e+05,319000,"DEF","DEF",384,12,397,33.1,73,9,16407,9.92,0,0.7
